location,year_month,daily_vaccinations,daily_vaccinations_raw,daily_people_vaccinated,daily_people_vaccinated_per_hundred,daily_vaccinations_per_million,total_vaccinations,people_vaccinated,people_fully_vaccinated,total_boosters,total_vaccinations_per_hundred,people_vaccinated_per_hundred,people_fully_vaccinated_per_hundred,total_boosters_per_hundred
Australia,2021-02,33876.0,34610.0,33867.0,0.016125,161.75,34630.0,34618.0,12.0,,0.13,0.13,0.0,
Australia,2021-03,556918.0,709700.0,512762.0,0.06319354838709677,686.2258064516129,744330.0,671606.0,72724.0,,2.84,2.57,0.28,
Australia,2021-04,1478905.0,1490514.0,1281037.0,0.1631,1883.2,2234844.0,1976315.0,258529.0,,8.54,7.55,0.99,
Australia,2021-05,2044110.0,2127895.0,1793526.0,0.22106451612903225,2518.8064516129034,4362739.0,3856485.0,506254.0,,16.67,14.73,1.93,
Australia,2021-06,3325595.0,3379797.0,2342231.0,0.29823333333333335,4234.733333333334,7742536.0,6109102.0,1633434.0,,29.58,23.34,6.24,
Australia,2021-07,4357441.0,4591535.0,2181924.0,0.2689354838709677,5369.677419354839,12334071.0,8407015.0,3927056.0,,47.12,32.12,15.0,
Australia,2021-08,7076785.0,7329051.0,3706642.0,0.4567096774193548,8720.612903225807,19663122.0,12293802.0,7369320.0,,75.11,46.96,28.15,
Australia,2021-09,8272203.0,8372766.0,4386425.0,0.5586,10533.6,28035888.0,16649549.0,11386339.0,,107.1,63.6,43.5,
Australia,2021-10,7985714.0,7567203.0,2701650.0,0.33296774193548384,9840.709677419354,35603091.0,19052562.0,16529442.0,21087.0,136.01,72.78,63.14,0.08
Australia,2021-11,3931646.0,3679863.0,1034718.0,0.1318,5006.366666666667,39282954.0,20025197.0,18808812.0,448945.0,150.06,76.5,71.85,1.72
Australia,2021-12,3308547.0,3153725.0,462882.0,0.05703225806451613,4077.032258064516,42580539.0,20444346.0,19755837.0,2380356.0,162.66,78.1,75.47,9.09
Australia,2022-01,6892315.0,7098020.0,1155914.0,0.14238709677419353,8493.354838709678,49866290.0,21683520.0,20211402.0,7971368.0,190.49,82.83,77.21,30.45
Australia,2022-02,4561982.0,4199217.0,452238.0,0.061714285714285715,6224.0,54065507.0,22055898.0,20483240.0,11526369.0,206.53,84.26,78.25,44.03
Australia,2022-03,2371376.0,2297185.0,165752.0,0.02035483870967742,2922.1612903225805,56362692.0,22210293.0,21240452.0,12911947.0,215.31,84.85,81.14,49.32
Australia,2022-04,1328429.0,1212934.0,23955.0,0.0030666666666666668,1691.6,57575626.0,22231734.0,21527099.0,13769753.0,219.94,84.93,82.24,52.6
Australia,2022-05,1558952.0,1626385.0,0.0,0.0,1921.0645161290322,59202011.0,22231734.0,21614599.0,15267312.0,226.16,84.93,82.57,58.32
Australia,2022-06,1107815.0,1064844.0,0.0,0.0,1410.6666666666667,60277104.0,22231734.0,21647523.0,16253282.0,230.26,84.93,82.7,62.09
Australia,2022-07,1929595.0,1978162.0,0.0,0.0,2377.8064516129034,62255266.0,22231734.0,21647523.0,18128815.0,237.82,84.93,82.7,69.25
Australia,2022-08,909358.0,547156.0,0.0,0.0,1120.6129032258063,63011373.0,22231734.0,21647523.0,18908728.0,240.71,84.93,82.7,72.23
Australia,2022-09,72210.0,0.0,0.0,0.0,92.0,63011373.0,22231734.0,21647523.0,19145155.0,240.71,84.93,82.7,73.14
Australia,2022-10,74617.0,0.0,0.0,0.0,92.0,63011373.0,22231734.0,21647523.0,19145155.0,240.71,84.93,82.7,73.14
Australia,2022-11,264241.0,0.0,0.0,0.0,336.46666666666664,63406631.0,22231734.0,21647523.0,19514697.0,242.22,84.93,82.7,74.55
Australia,2022-12,166038.0,0.0,0.0,0.0,204.61290322580646,63583562.0,22231734.0,21647523.0,19691609.0,242.89,84.93,82.7,75.22
Australia,2023-01,76318.0,0.0,0.0,0.0,94.03225806451613,63668170.0,22231734.0,21647523.0,19776130.0,243.22,84.93,82.7,75.55
Australia,2023-02,842555.0,0.0,0.0,0.0,1149.25,63681652.0,22231734.0,21647523.0,19790466.0,243.27,84.93,82.7,75.6
Australia,2023-03,1083739.0,0.0,0.0,0.0,1335.1290322580646,65492360.0,22231734.0,21647523.0,19790466.0,250.19,84.93,82.7,75.6
Australia,2023-04,794700.0,0.0,0.0,0.0,1012.0,65492360.0,22231734.0,21647523.0,19790466.0,250.19,84.93,82.7,75.6
Australia,2023-05,821190.0,0.0,0.0,0.0,1012.0,65492360.0,22231734.0,21647523.0,19790466.0,250.19,84.93,82.7,75.6
Australia,2023-06,794700.0,0.0,0.0,0.0,1012.0,65492360.0,22231734.0,21647523.0,19790466.0,250.19,84.93,82.7,75.6
Australia,2023-07,421669.0,0.0,0.0,0.0,519.516129032258,68247343.0,22231734.0,21647523.0,19790466.0,260.71,84.93,82.7,75.6
Australia,2023-08,173327.0,0.0,0.0,0.0,213.25806451612902,68480571.0,22231734.0,21647523.0,19790466.0,261.6,84.93,82.7,75.6
Australia,2023-09,133279.0,0.0,0.0,0.0,169.33333333333334,68653247.0,22231734.0,21647523.0,19790466.0,262.26,84.93,82.7,75.6
Australia,2023-10,229100.0,0.0,0.0,0.0,282.4193548387097,68770769.0,22231734.0,21647523.0,19790466.0,262.71,84.93,82.7,75.6
Australia,2023-11,255030.0,0.0,0.0,0.0,325.0,68770769.0,22231734.0,21647523.0,19790466.0,262.71,84.93,82.7,75.6
Australia,2023-12,417862.0,0.0,0.0,0.0,514.6774193548387,69686752.0,22231734.0,21647523.0,19790466.0,266.21,84.93,82.7,75.6
China,2020-12,3000000.0,0.0,0.0,0.0,123.29411764705883,4500000.0,,,,0.32,,,
China,2021-01,19172999.0,0.0,0.0,0.0,433.7741935483871,24000000.0,,,,1.68,,,
China,2021-02,27514765.0,0.0,0.0,0.0,689.1785714285714,52520000.0,,,,3.68,,,
China,2021-03,55563166.0,39358000.0,0.0,0.0,1257.0,119821000.0,,,,8.4,,,
China,2021-04,132826857.0,145243000.0,0.0,0.0,3105.2,265064000.0,,,,18.59,,,
China,2021-05,364184997.0,396404000.0,0.0,0.0,8238.967741935483,661468000.0,,,,46.39,,,
China,2021-06,581455146.0,583207000.0,117012980.0,0.2733333333333333,13592.833333333334,1244675000.0,622000000.0,,,87.29,43.62,,
China,2021-07,416799142.0,408144000.0,181370119.0,0.41,9429.258064516129,1652819000.0,622000000.0,,,115.92,43.62,,
China,2021-08,428975427.0,414770000.0,173216132.0,0.3916129032258064,9704.677419354839,2067589000.0,1072500000.0,889439000.0,,145.0,75.22,62.38,
China,2021-09,172708569.0,143863000.0,42817624.0,0.09993333333333335,4037.366666666667,2211452000.0,1100842000.0,1047872000.0,,155.09,77.2,73.49,
China,2021-10,56364715.0,62620000.0,62078988.0,0.14,1275.1935483870968,2274072000.0,1100842000.0,1070386000.0,,159.48,77.2,75.07,
China,2021-11,222856428.0,233903000.0,51228776.0,0.11946666666666667,5209.666666666667,2507975000.0,1225000000.0,1110506000.0,65730000.0,175.89,85.91,77.88,4.61
China,2021-12,313936999.0,327357000.0,27222670.0,0.06170967741935484,7102.258064516129,2835332000.0,1259967000.0,1207413000.0,120580000.0,198.85,88.36,84.68,8.46
China,2022-01,195840001.0,165200000.0,6578278.0,0.014870967741935484,4430.548387096775,3000532000.0,1266070000.0,1227387000.0,331000000.0,210.43,88.79,86.08,23.21
China,2022-02,121300713.0,129313000.0,3354067.0,0.008285714285714285,3038.25,3129845000.0,1269302000.0,1234540000.0,554728000.0,219.5,89.02,86.58,38.9
China,2022-03,145734714.0,141029000.0,7452134.0,0.016709677419354838,3297.032258064516,3270874000.0,1277709000.0,1242281000.0,694936000.0,229.39,89.61,87.12,48.74
China,2022-04,79238716.0,73654000.0,7817632.0,0.018400000000000003,1852.5,3344528000.0,1284935000.0,1249688000.0,750189000.0,234.56,90.11,87.64,52.61
China,2022-05,39670288.0,36786000.0,5312330.0,0.011903225806451612,897.3870967741935,3381314000.0,1289584000.0,1255732000.0,774679000.0,237.14,90.44,88.07,54.33
China,2022-06,22472288.0,21308000.0,4142547.0,0.009733333333333333,525.3333333333334,3402622000.0,1294045000.0,1260501000.0,790025000.0,238.63,90.75,88.4,55.41
China,2022-07,20603572.0,21047000.0,5502294.0,0.012548387096774194,466.0,3423669000.0,1298636000.0,1264901000.0,797985000.0,240.11,91.08,88.71,55.96
China,2022-08,10854714.0,9109000.0,2742131.0,0.006129032258064516,245.5483870967742,3432778000.0,1301392000.0,1268285000.0,802174000.0,240.75,91.27,88.95,56.26
China,2022-09,4491430.0,4133000.0,841388.0,0.0017333333333333335,105.0,3436911000.0,1302773000.0,1271408000.0,807130000.0,241.04,91.37,89.17,56.61
China,2022-10,3004430.0,2891000.0,566029.0,0.001,68.03225806451613,3439802000.0,1302773000.0,1271711000.0,807832000.0,241.24,91.37,89.19,56.65
China,2022-11,3836858.0,3947000.0,953287.0,0.002,89.7,3443749000.0,1304631000.0,1272830000.0,811176000.0,241.52,91.5,89.27,56.89
China,2022-12,31892427.0,34345000.0,4001527.0,0.009129032258064515,721.516129032258,3478094000.0,1307222000.0,1274018000.0,815718000.0,243.92,91.68,89.35,57.21
China,2023-01,14710429.0,9964000.0,1565999.0,0.003612903225806452,332.7741935483871,3489746000.0,1310207000.0,1276549000.0,826583000.0,244.74,91.89,89.53,57.97
China,2023-02,847714.0,0.0,56285.0,0.00044444444444444447,66.0,3491077000.0,1310292000.0,1276760000.0,826913000.0,244.84,91.89,89.54,57.99
France,2020-12,2282.0,2009.0,2281.0,0.0008,6.6,2625.0,2623.0,2.0,,0.0,0.0,0.0,
France,2021-01,1533222.0,1733035.0,1502945.0,0.07148387096774195,729.2903225806451,1735660.0,1680348.0,55310.0,2.0,2.56,2.48,0.08,0.0
France,2021-02,2971530.0,3080537.0,1475091.0,0.07778571428571428,1565.0357142857142,4816197.0,3154522.0,1661643.0,32.0,7.1,4.65,2.45,0.0
France,2021-03,6464669.0,6989136.0,5216519.0,0.2481290322580645,3075.1935483870966,11805333.0,8873655.0,2931565.0,113.0,17.41,13.09,4.32,0.0
France,2021-04,10168607.0,10815901.0,6931972.0,0.3406333333333333,4998.333333333333,22621234.0,16068169.0,6605366.0,10583.0,33.36,23.69,9.74,0.02
France,2021-05,14995814.0,14929067.0,10363709.0,0.493,7133.354838709677,37550301.0,26417423.0,11378670.0,47299.0,55.37,38.96,16.78,0.07
France,2021-06,17398371.0,17766483.0,8616756.0,0.4235333333333333,8552.133333333333,55316784.0,34602301.0,21205674.0,85690.0,81.57,51.03,31.27,0.13
France,2021-07,19225389.0,19473764.0,7756379.0,0.369,9145.387096774193,74790548.0,43098128.0,32449846.0,131943.0,110.29,63.55,47.85,0.19
France,2021-08,14838935.0,13965930.0,6953245.0,0.3307741935483871,7058.774193548387,88756478.0,49129350.0,40480192.0,188243.0,130.88,72.45,59.69,0.28
France,2021-09,7678024.0,6998106.0,2023956.0,0.09946666666666666,3774.1,95754584.0,50946635.0,44610211.0,1266560.0,141.2,75.13,65.78,1.87
France,2021-10,4403044.0,4258810.0,942504.0,0.04490322580645161,2094.483870967742,100013394.0,51841220.0,46112320.0,3135281.0,147.48,76.45,68.0,4.62
France,2021-11,5793764.0,6582955.0,643763.0,0.031733333333333336,2847.9333333333334,106596349.0,52488353.0,47294683.0,7891773.0,157.19,77.4,69.74,11.64
France,2021-12,17426300.0,17650387.0,717862.0,0.03412903225806452,8289.612903225807,124246736.0,53230434.0,49647368.0,22449023.0,183.22,78.5,73.21,33.1
France,2022-01,13713346.0,13016663.0,937782.0,0.04470967741935484,6523.387096774193,137263399.0,54124920.0,51662803.0,32556610.0,202.41,79.81,76.18,48.01
France,2022-02,4709180.0,4234981.0,246615.0,0.012892857142857142,2480.214285714286,141498380.0,54340110.0,52585211.0,35654429.0,208.66,80.13,77.54,52.58
France,2022-03,1141984.0,1084641.0,71022.0,0.0034516129032258064,543.1290322580645,142583021.0,54406535.0,52767228.0,36490845.0,210.26,80.23,77.81,53.81
France,2022-04,1160986.0,1175414.0,48656.0,0.002366666666666667,570.6666666666666,143758435.0,54454764.0,52851688.0,37533697.0,211.99,80.3,77.94,55.35
France,2022-05,1102254.0,1048441.0,43172.0,0.001870967741935484,524.3548387096774,144806876.0,54495871.0,52919172.0,38473631.0,213.54,80.36,78.04,56.73
France,2022-06,1224826.0,1401099.0,34161.0,0.001966666666666667,602.0,146207975.0,54531282.0,52983109.0,39775480.0,215.6,80.41,78.13,58.65
France,2022-07,2575734.0,2451949.0,37377.0,0.001806451612903226,1225.3225806451612,148659924.0,54566822.0,53044264.0,42130853.0,219.22,80.47,78.22,62.13
France,2022-08,896057.0,826364.0,18532.0,0.001,426.35483870967744,149486288.0,54584949.0,53072954.0,42910500.0,220.44,80.49,78.26,63.28
France,2022-09,626801.0,638350.0,17269.0,0.001,308.06666666666666,150124638.0,54602235.0,53095528.0,43509055.0,221.38,80.52,78.3,64.16
France,2022-10,890379.0,880139.0,15654.0,0.001,423.51612903225805,151004777.0,54617132.0,53115722.0,44354161.0,222.68,80.54,78.33,65.41
France,2022-11,838059.0,873588.0,12513.0,0.001,411.9,151878365.0,54629795.0,53131783.0,45199071.0,223.97,80.56,78.35,66.65
France,2022-12,1615015.0,1579663.0,14786.0,0.001,768.1935483870968,153458028.0,54644454.0,53148866.0,46747038.0,226.3,80.58,78.38,68.94
France,2023-01,737170.0,707114.0,13867.0,0.001,350.6774193548387,154165142.0,54658180.0,53164856.0,47424471.0,227.34,80.6,78.4,69.93
France,2023-02,195116.0,170651.0,7470.0,7.142857142857143e-05,102.75,154335793.0,54665247.0,53174650.0,47578294.0,227.59,80.61,78.41,70.16
France,2023-03,76337.0,73318.0,5353.0,0.0,36.38709677419355,154409111.0,54670602.0,53182452.0,47638474.0,227.7,80.62,78.43,70.25
France,2023-04,40748.0,36228.0,3380.0,0.0,20.0,154445339.0,54673693.0,53187295.0,47666776.0,227.75,80.62,78.43,70.29
France,2023-05,23334.0,22515.0,2228.0,0.0,11.193548387096774,154467854.0,54675803.0,53190103.0,47684374.0,227.79,80.63,78.44,70.32
France,2023-06,21684.0,21976.0,1579.0,0.0,10.7,154489830.0,54677353.0,53192152.0,47702757.0,227.82,80.63,78.44,70.34
France,2023-07,4620.0,3436.0,385.0,0.0,6.9,154493266.0,54677678.0,53192478.0,47705542.0,227.82,80.63,78.44,70.35
Germany,2020-12,142021.0,182500.0,142021.0,0.034199999999999994,340.8,206927.0,206927.0,,,0.25,0.25,,
Germany,2021-01,2224517.0,2340328.0,1764032.0,0.06825806451612904,860.6451612903226,2547255.0,1945323.0,601932.0,,3.06,2.33,0.72,
Germany,2021-02,3584468.0,3799647.0,1990891.0,0.08528571428571428,1535.6785714285713,6346902.0,4153745.0,2193157.0,,7.61,4.98,2.63,
Germany,2021-03,7438977.0,7878181.0,5495638.0,0.2125483870967742,2878.3870967741937,14225083.0,9969934.0,4255149.0,,17.06,11.96,5.1,
Germany,2021-04,14156940.0,15774431.0,11932484.0,0.4770333333333333,5660.266666666666,29999514.0,23417029.0,6582835.0,,35.98,28.09,7.9,
Germany,2021-05,22162195.0,21422384.0,14508959.0,0.5613870967741935,8575.161290322581,51421898.0,36562117.0,15180670.0,1.0,61.68,43.86,18.21,0.0
Germany,2021-06,24725217.0,25337949.0,10293531.0,0.41163333333333335,9885.766666666666,76759847.0,47103248.0,31310938.0,6090.0,92.07,56.5,37.56,0.01
Germany,2021-07,18578506.0,17552589.0,6009085.0,0.23254838709677422,7188.580645161291,94312436.0,52363569.0,43813621.0,13643.0,113.13,62.81,52.55,0.02
Germany,2021-08,10299086.0,9515524.0,2950335.0,0.11416129032258066,3985.0,103827960.0,55284711.0,50492763.0,39486.0,124.54,66.31,60.56,0.05
Germany,2021-09,6028522.0,6063013.0,2345025.0,0.09373333333333332,2410.3333333333335,109890973.0,57553645.0,53577751.0,851750.0,131.81,69.03,64.27,1.02
Germany,2021-10,4511155.0,4266680.0,1250075.0,0.048483870967741934,1745.4193548387098,114157653.0,58687279.0,55368166.0,2253651.0,136.93,70.39,66.41,2.7
Germany,2021-11,11072241.0,12787843.0,1706496.0,0.06826666666666667,4426.966666666666,126945496.0,60592071.0,56974571.0,11606044.0,152.27,72.68,68.34,13.92
Germany,2021-12,27819234.0,27020862.0,2328023.0,0.09009677419354839,10764.129032258064,153966358.0,62755976.0,59158121.0,34336313.0,184.68,75.27,70.96,41.19
Germany,2022-01,15692070.0,15171045.0,1305713.0,0.050516129032258064,6071.677419354839,169137403.0,64018481.0,61561557.0,45850623.0,202.88,76.79,73.84,55.0
Germany,2022-02,5640104.0,5162890.0,435803.0,0.018607142857142857,2416.25,174300293.0,64400829.0,62688649.0,49502268.0,209.07,77.25,75.19,59.38
Germany,2022-03,3851424.0,3983377.0,200019.0,0.007741935483870968,1490.225806451613,178283670.0,64593840.0,63108382.0,52871795.0,213.85,77.48,75.7,63.42
Germany,2022-04,2486805.0,2306168.0,78387.0,0.0032,994.2,180589838.0,64668936.0,63258598.0,54951610.0,216.61,77.57,75.88,65.91
Germany,2022-05,1613351.0,1429724.0,48890.0,0.001838709677419355,624.2258064516129,182019562.0,64709801.0,63340811.0,56257603.0,218.33,77.62,75.98,67.48
Germany,2022-06,922136.0,987969.0,30709.0,0.0011,368.73333333333335,183007531.0,64742175.0,63395721.0,57157171.0,219.51,77.66,76.04,68.56
Germany,2022-07,1123888.0,1066597.0,30442.0,0.001,434.8709677419355,184074128.0,64770395.0,63437497.0,58151925.0,220.79,77.69,76.09,69.75
Germany,2022-08,783056.0,775137.0,23782.0,0.001,302.93548387096774,184849265.0,64794035.0,63470261.0,58868924.0,221.72,77.72,76.13,70.61
Germany,2022-09,915440.0,1083375.0,19040.0,0.001,365.93333333333334,185932640.0,64813872.0,63498674.0,59884180.0,223.02,77.74,76.17,71.83
Germany,2022-10,2550393.0,2479007.0,24615.0,0.001,986.7741935483871,188411647.0,64837302.0,63522661.0,61944028.0,225.99,77.77,76.19,74.3
Germany,2022-11,2239143.0,2233154.0,18237.0,0.001,895.2333333333333,190644801.0,64855288.0,63539843.0,63688504.0,228.67,77.79,76.21,76.39
Germany,2022-12,1070513.0,942253.0,9732.0,0.00016129032258064516,414.19354838709677,191587054.0,64864280.0,63550296.0,64384901.0,229.8,77.8,76.23,77.23
Germany,2023-01,393352.0,382371.0,6168.0,0.0,152.16129032258064,191969425.0,64870312.0,63555965.0,64644640.0,230.26,77.81,76.23,77.54
Germany,2023-02,159392.0,147341.0,2723.0,0.0,68.35714285714286,192116766.0,64872861.0,63559019.0,64735353.0,230.44,77.81,76.24,77.65
Germany,2023-03,90641.0,92366.0,2799.0,0.0,35.0,192209132.0,64876036.0,63562946.0,64785265.0,230.55,77.82,76.24,77.71
Germany,2023-04,18713.0,12336.0,766.0,0.0,32.142857142857146,192221468.0,64876299.0,63563414.0,64791434.0,230.56,77.82,76.24,77.72
India,2021-01,3379485.0,3758843.0,3379485.0,0.014058823529411764,140.2941176470588,3758843.0,3758843.0,,,0.27,0.27,,
India,2021-02,10103631.0,10078106.0,8261637.0,0.020714285714285713,254.64285714285714,14301266.0,11845075.0,2456191.0,,1.01,0.84,0.17,
India,2021-03,47519159.0,50816630.0,40477343.0,0.09212903225806451,1081.6129032258063,65117896.0,55783201.0,9334695.0,,4.59,3.94,0.66,
India,2021-04,84035890.0,77932654.0,69364230.0,0.16316666666666668,1976.6666666666667,151998107.0,125376952.0,26621155.0,,10.73,8.85,1.88,
India,2021-05,58936437.0,55496176.0,39853568.0,0.0907741935483871,1341.516129032258,210449895.0,167191085.0,43258810.0,,14.85,11.8,3.05,
India,2021-06,113298089.0,118708244.0,100753913.0,0.23693333333333336,2664.9333333333334,329158139.0,271410023.0,57748116.0,,23.23,19.15,4.07,
India,2021-07,134400232.0,118404290.0,91248757.0,0.20780645161290323,3059.3225806451615,461518479.0,359820313.0,101698166.0,,32.57,25.39,7.18,
India,2021-08,171716830.0,140320023.0,128459985.0,0.29235483870967743,3908.6451612903224,644799225.0,497002083.0,147797142.0,,45.5,35.07,10.43,
India,2021-09,243332341.0,241626067.0,156373380.0,0.3678,5723.5,886425292.0,648949043.0,237476249.0,,62.55,45.79,16.76,
India,2021-10,177588227.0,176206059.0,88473694.0,0.20138709677419356,4042.3548387096776,1062631351.0,733542729.0,329088622.0,,74.98,51.76,23.22,
India,2021-11,171062063.0,174423791.0,55724357.0,0.1311,4023.5,1237055142.0,789054196.0,448000946.0,,87.29,55.68,31.61,
India,2021-12,213102599.0,211810280.0,58669557.0,0.1335806451612903,4850.709677419355,1448865422.0,845640601.0,603224821.0,,102.24,59.67,42.57,
India,2022-01,218214711.0,215920616.0,96848965.0,0.22051612903225806,4967.032258064516,1664786038.0,943027714.0,709926447.0,11831877.0,117.47,66.54,50.09,0.83
India,2022-02,121784482.0,110392609.0,27311029.0,0.06882142857142858,3069.1071428571427,1775178647.0,965733580.0,790556254.0,18888813.0,125.26,68.15,55.78,1.33
India,2022-03,65700433.0,66768398.0,19711440.0,0.04487096774193548,1495.483870967742,1841947045.0,988846975.0,831238996.0,21861074.0,129.97,69.78,58.65,1.54
India,2022-04,48090126.0,36280908.0,17229146.0,0.04053333333333333,1131.1333333333334,1888681185.0,1003162202.0,858800580.0,26718403.0,133.27,70.79,60.6,1.89
India,2022-05,48374381.0,45025096.0,9116747.0,0.020741935483870967,1101.0967741935483,1933706281.0,1011329919.0,888628256.0,33748106.0,136.45,71.36,62.7,2.38
India,2022-06,40903627.0,41628480.0,5180050.0,0.012166666666666666,962.1666666666666,1975334761.0,1016506282.0,914479703.0,44348776.0,139.39,71.73,64.53,3.13
India,2022-07,61626201.0,59862946.0,4856573.0,0.011032258064516128,1402.774193548387,2042774905.0,1021327183.0,932775394.0,88672328.0,144.14,72.07,65.82,6.26
India,2022-08,84142240.0,75028447.0,3458498.0,0.008,1915.258064516129,2124186933.0,1024516127.0,942327191.0,157343615.0,149.89,72.29,66.49,11.1
India,2022-09,62217004.0,61272361.0,1950947.0,0.0044666666666666665,1463.4333333333334,2185459294.0,1026371105.0,948371253.0,210716936.0,154.21,72.42,66.92,14.87
India,2022-10,16987484.0,10023819.0,611210.0,0.0013870967741935485,386.64516129032256,2196335748.0,1026856716.0,950090439.0,219388593.0,154.98,72.46,67.04,15.48
India,2022-11,3001028.0,2708946.0,193649.0,0.0002666666666666667,70.56666666666666,2199192115.0,1027045950.0,950765492.0,221380673.0,155.18,72.47,67.09,15.62
India,2022-12,1684324.0,1797871.0,141402.0,9.67741935483871e-05,38.32258064516129,2200989986.0,1027200953.0,951207411.0,222581622.0,155.31,72.48,67.12,15.71
India,2023-01,3237995.0,3878911.0,131272.0,3.2258064516129034e-05,73.64516129032258,2204868897.0,1027325954.0,951695297.0,225847646.0,155.58,72.49,67.15,15.94
India,2023-02,2380812.0,1492600.0,64529.0,0.0,59.92857142857143,2206361497.0,1027373895.0,951881903.0,227105699.0,155.69,72.49,67.17,16.03
India,2023-03,197200.0,196977.0,23486.0,0.0,4.451612903225806,2206573347.0,1027398367.0,951957326.0,227217654.0,155.7,72.5,67.17,16.03
India,2023-04,83822.0,64720.0,8942.0,0.0,1.9333333333333333,2206638852.0,1027404628.0,951968069.0,227266155.0,155.71,72.5,67.17,16.04
India,2023-05,52401.0,44580.0,3684.0,0.0,1.1935483870967742,2206683432.0,1027408186.0,951976039.0,227299207.0,155.71,72.5,67.17,16.04
India,2023-06,30451.0,25862.0,4089.0,0.0,0.6666666666666666,2206711105.0,1027412132.0,951978918.0,227320055.0,155.71,72.5,67.17,16.04
India,2023-07,14838.0,14667.0,2414.0,0.0,0.0,2206725772.0,1027414484.0,951981701.0,227329587.0,155.71,72.5,67.17,16.04
India,2023-08,14805.0,13591.0,2349.0,0.0,0.1935483870967742,2206740203.0,1027416795.0,951984472.0,227338936.0,155.71,72.5,67.17,16.04
India,2023-09,4193.0,3982.0,1348.0,0.0,0.0,2206744185.0,1027418124.0,951985329.0,227340732.0,155.71,72.5,67.17,16.04
India,2023-10,3389.0,3302.0,1181.0,0.0,0.0,2206747498.0,1027419253.0,951986139.0,227342106.0,155.71,72.5,67.18,16.04
India,2023-11,2694.0,2690.0,796.0,0.0,0.0,2206750188.0,1027420049.0,951986909.0,227343230.0,155.71,72.5,67.18,16.04
India,2023-12,2857.0,1451.0,898.0,0.0,0.0,2206751639.0,1027420529.0,951987234.0,227343882.0,155.72,72.5,67.18,16.04
India,2024-01,5059.0,4093.0,888.0,0.0,0.0,2206758325.0,1027421784.0,951988192.0,227348349.0,155.72,72.5,67.18,16.04
India,2024-02,17843.0,15120.0,6946.0,0.0,0.41379310344827586,2206777956.0,1027429250.0,951988544.0,227360162.0,155.72,72.5,67.18,16.04
India,2024-03,82784.0,87882.0,8456.0,0.0,1.8387096774193548,2206865838.0,1027438304.0,951990034.0,227437500.0,155.72,72.5,67.18,16.05
India,2024-04,8001.0,715.0,1356.0,0.0,0.16666666666666666,2206866553.0,1027438529.0,951990205.0,227437819.0,155.72,72.5,67.18,16.05
India,2024-05,627.0,512.0,129.0,0.0,0.0,2206867190.0,1027438651.0,951990350.0,227438189.0,155.72,72.5,67.18,16.05
India,2024-06,455.0,434.0,132.0,0.0,0.0,2206867624.0,1027438787.0,951990441.0,227438396.0,155.72,72.5,67.18,16.05
India,2024-07,314.0,215.0,111.0,0.0,0.0,2206867897.0,1027438886.0,951990515.0,227438496.0,155.72,72.5,67.18,16.05
India,2024-08,107.0,103.0,38.0,0.0,0.0,2206868000.0,1027438924.0,951990552.0,227438524.0,155.72,72.5,67.18,16.05
Italy,2020-12,13675.0,33476.0,13675.0,0.0046,46.2,40667.0,40667.0,,,0.07,0.07,,
Italy,2021-01,1791805.0,2005882.0,1379362.0,0.07535483870967742,979.0645161290323,2046549.0,1402265.0,644302.0,,3.47,2.38,1.09,
Italy,2021-02,2297482.0,2395466.0,1306014.0,0.07907142857142857,1389.8214285714287,4442015.0,3005360.0,1436682.0,,7.52,5.09,2.43,
Italy,2021-03,5654264.0,6086423.0,4008955.0,0.21906451612903227,3089.4193548387098,10528438.0,7260803.0,3267848.0,,17.83,12.3,5.54,
Italy,2021-04,9213435.0,9805746.0,6724691.0,0.3796,5202.066666666667,20334184.0,14350408.0,6049677.0,,34.44,24.31,10.25,
Italy,2021-05,14994637.0,15127127.0,9506701.0,0.519483870967742,8193.032258064517,35461311.0,23852238.0,12270865.0,,60.07,40.4,20.78,
Italy,2021-06,16582114.0,16729811.0,10801610.0,0.6098333333333333,9362.533333333333,52191122.0,34487509.0,18947113.0,,88.4,58.42,32.09,
Italy,2021-07,16850332.0,16727338.0,4391416.0,0.23993548387096772,9207.0,68918460.0,38640985.0,31642646.0,,116.74,65.45,53.6,
Italy,2021-08,9897569.0,9214683.0,4322087.0,0.23619354838709677,5408.0,78133143.0,42819383.0,36765312.0,,132.35,72.53,62.27,
Italy,2021-09,7158757.0,6909882.0,2686188.0,0.15166666666666667,4041.9333333333334,85043025.0,45380153.0,41036087.0,112480.0,144.05,76.87,69.51,0.19
Italy,2021-10,5209848.0,5030327.0,1570549.0,0.08574193548387096,2846.7096774193546,90073352.0,46759208.0,43101932.0,1710878.0,152.57,79.2,73.01,2.9
Italy,2021-11,6064883.0,6666350.0,568139.0,0.0321,3424.366666666667,96739702.0,47361547.0,44054236.0,6825055.0,163.86,80.22,74.62,11.56
Italy,2021-12,14176169.0,14660550.0,1075577.0,0.058741935483870966,7745.903225806452,111400252.0,48486482.0,44709912.0,19708182.0,188.69,82.13,75.73,33.38
Italy,2022-01,17183389.0,17053816.0,1821336.0,0.09951612903225807,9388.90322580645,128454068.0,50293143.0,46071120.0,33597152.0,217.58,85.19,78.04,56.91
Italy,2022-02,6795794.0,5750280.0,530031.0,0.03207142857142857,4111.142857142857,134204348.0,50717107.0,47436768.0,37558573.0,227.32,85.91,80.35,63.62
Italy,2022-03,2009729.0,1803622.0,109501.0,0.006,1098.1290322580646,136007970.0,50816906.0,47780183.0,38919029.0,230.38,86.08,80.93,65.92
Italy,2022-04,884270.0,896343.0,34161.0,0.0019,499.3,136904313.0,50848686.0,47856416.0,39707378.0,231.89,86.13,81.06,67.26
Italy,2022-05,1046316.0,987294.0,21957.0,0.001032258064516129,571.6774193548387,137891607.0,50868931.0,47884006.0,40646845.0,233.57,86.16,81.11,68.85
Italy,2022-06,508743.0,494016.0,13298.0,0.001,287.2,138385623.0,50882174.0,47898746.0,41112951.0,234.4,86.19,81.13,69.64
Italy,2022-07,1244397.0,1329829.0,14429.0,0.001,679.9354838709677,139715452.0,50896262.0,47910663.0,42416782.0,236.66,86.21,81.15,71.85
Italy,2022-08,825873.0,734745.0,9764.0,0.0006129032258064516,451.2258064516129,140450197.0,50905884.0,47919696.0,43132876.0,237.9,86.23,81.17,73.06
Italy,2022-09,423129.0,445990.0,8015.0,0.00043333333333333337,238.86666666666667,140896187.0,50913522.0,47926572.0,43564518.0,238.66,86.24,81.18,73.79
Italy,2022-10,1267030.0,1303464.0,6584.0,0.0,692.258064516129,142199651.0,50920014.0,47932044.0,44887691.0,240.86,86.25,81.19,76.03
Italy,2022-11,1124970.0,1122800.0,5209.0,0.0,635.1,143322451.0,50925205.0,47936474.0,46145986.0,242.77,86.26,81.2,78.16
Italy,2022-12,793367.0,725877.0,4007.0,0.0,433.5483870967742,144048328.0,50928933.0,47939988.0,47036385.0,243.99,86.27,81.2,79.67
Italy,2023-01,411903.0,390784.0,3435.0,0.0,225.09677419354838,144439112.0,50932342.0,47942337.0,47511601.0,244.66,86.27,81.21,80.48
Italy,2023-02,114420.0,101004.0,1730.0,0.0,69.28571428571429,144540116.0,50933948.0,47944159.0,47654754.0,244.83,86.27,81.21,80.72
Italy,2023-03,42735.0,39543.0,1160.0,0.0,23.322580645161292,144579659.0,50935107.0,47945368.0,47714743.0,244.89,86.28,81.21,80.82
Italy,2023-04,14732.0,12453.0,655.0,0.0,8.3,144592112.0,50935703.0,47946019.0,47734659.0,244.92,86.28,81.21,80.85
Italy,2023-05,9053.0,8895.0,460.0,0.0,4.838709677419355,144601007.0,50936157.0,47946540.0,47749547.0,244.93,86.28,81.21,80.88
Italy,2023-06,4063.0,3498.0,236.0,0.0,2.3666666666666667,144604658.0,50936361.0,47946863.0,47755376.0,244.94,86.28,81.21,80.89
Italy,2023-07,1460.0,960.0,123.0,0.0,1.064516129032258,144605814.0,50936475.0,47946938.0,47757119.0,244.94,86.28,81.21,80.89
Italy,2023-08,798.0,713.0,137.0,0.0,0.3225806451612903,144606652.0,50936620.0,47947008.0,47758273.0,244.94,86.28,81.21,80.89
Italy,2023-09,1174.0,1136.0,71.0,0.0,0.8,144607832.0,50936678.0,47947081.0,47760702.0,244.94,86.28,81.21,80.9
Italy,2023-10,534.0,428.0,30.0,0.0,0.1935483870967742,144608324.0,50936703.0,47947093.0,47762727.0,244.94,86.28,81.21,80.9
Italy,2023-11,495.0,515.0,16.0,0.0,0.5625,144608839.0,50936719.0,47947097.0,47765365.0,244.94,86.28,81.21,80.91
Japan,2021-02,27678.0,15556.0,27678.0,0.0018333333333333333,18.583333333333332,28530.0,28530.0,,,0.02,0.02,,
Japan,2021-03,857027.0,745238.0,789581.0,0.020483870967741936,223.06451612903226,1002739.0,877159.0,125580.0,,0.81,0.71,0.1,
Japan,2021-04,2692757.0,3066718.0,1808230.0,0.04856666666666667,724.1666666666666,4271302.0,3228304.0,1042998.0,,3.45,2.6,0.84,
Japan,2021-05,11152571.0,12562311.0,8402605.0,0.21864516129032258,2902.3870967741937,16833613.0,12752937.0,4080676.0,,13.58,10.29,3.29,
Japan,2021-06,34001095.0,36479547.0,21486108.0,0.5778,9143.633333333333,53313160.0,34975112.0,18338048.0,,43.01,28.22,14.79,
Japan,2021-07,45980876.0,46302602.0,23861848.0,0.621,11966.451612903225,99615762.0,58261038.0,41354724.0,,80.37,47.0,33.36,
Japan,2021-08,38518286.0,36994378.0,17063489.0,0.44409677419354837,10024.290322580646,136610140.0,75193352.0,61416788.0,,110.21,60.66,49.55,
Japan,2021-09,33512325.0,33259736.0,16766603.0,0.45086666666666664,9012.2,169869876.0,91428256.0,78441620.0,,137.05,73.76,63.28,
Japan,2021-10,25032244.0,23592470.0,9009770.0,0.2344516129032258,6514.548387096775,193462346.0,99609069.0,93853277.0,,156.08,80.36,75.72,
Japan,2021-11,7556074.0,6195403.0,1522248.0,0.04096666666666667,2031.9,199657749.0,100808589.0,98849160.0,,161.08,81.33,79.75,
Japan,2021-12,2537335.0,2313729.0,473394.0,0.012290322580645162,660.3548387096774,201971478.0,101215832.0,99712082.0,1043564.0,162.94,81.66,80.44,0.84
Japan,2022-01,5082622.0,6011106.0,320832.0,0.008387096774193548,1322.7096774193549,207982584.0,101569375.0,100048776.0,6364433.0,167.79,81.94,80.72,5.13
Japan,2022-02,22100189.0,23969932.0,315290.0,0.009142857142857144,6367.714285714285,231952516.0,101869746.0,100399388.0,29683382.0,187.13,82.19,81.0,23.95
Japan,2022-03,27751493.0,26681318.0,733283.0,0.019,7222.290322580645,258633834.0,102659096.0,100740090.0,55234648.0,208.66,82.82,81.27,44.56
Japan,2022-04,15826872.0,15292042.0,671561.0,0.0181,4256.133333333333,273925876.0,103299431.0,101608799.0,69017646.0,220.99,83.34,81.97,55.68
Japan,2022-05,8108204.0,7390849.0,353302.0,0.009161290322580644,2110.064516129032,281316725.0,103624423.0,102091056.0,75601246.0,226.96,83.6,82.36,60.99
Japan,2022-06,4154442.0,3964526.0,184861.0,0.0049,1117.2333333333333,285281251.0,103793685.0,102380665.0,79106901.0,230.16,83.74,82.6,63.82
Japan,2022-07,13328871.0,15033885.0,153666.0,0.0039354838709677415,3468.8064516129034,300315136.0,103969754.0,102540995.0,93804387.0,242.28,83.88,82.73,75.68
Japan,2022-08,17959068.0,17385618.0,205045.0,0.005451612903225806,4673.774193548387,317700754.0,104157082.0,102737362.0,110806310.0,256.31,84.03,82.88,89.39
Japan,2022-09,8675384.0,7772621.0,102231.0,0.0026666666666666666,2333.0333333333333,325473375.0,104251465.0,102890775.0,118331135.0,262.58,84.11,83.01,95.47
Japan,2022-10,7060588.0,7530550.0,51359.0,0.0010967741935483872,1837.5483870967741,333003925.0,104303725.0,102953265.0,125746935.0,268.66,84.15,83.06,101.45
Japan,2022-11,17852879.0,19040287.0,109188.0,0.003033333333333333,4801.066666666667,352044212.0,104423858.0,103011906.0,144608448.0,284.02,84.25,83.11,116.67
Japan,2022-12,22886941.0,21121050.0,147635.0,0.003838709677419355,5956.258064516129,373165262.0,104558118.0,103154352.0,165452792.0,301.06,84.35,83.22,133.48
Japan,2023-01,6980461.0,7014358.0,78220.0,0.0021290322580645163,1816.5483870967741,380179620.0,104638379.0,103262800.0,172278441.0,306.72,84.42,83.31,138.99
Japan,2023-02,2645644.0,2255100.0,38908.0,0.001107142857142857,762.3214285714286,382434720.0,104674377.0,103328682.0,174431661.0,308.54,84.45,83.36,140.73
Japan,2023-03,1060668.0,984387.0,22179.0,0.0004838709677419355,276.06451612903226,383419107.0,104695175.0,103367657.0,175356275.0,309.33,84.46,83.39,141.47
Japan,2023-04,362110.0,305092.0,10279.0,0.0,97.36666666666666,383724199.0,104704532.0,103379476.0,175640191.0,309.58,84.47,83.4,141.7
Japan,2023-05,39338.0,23539.0,981.0,0.0,45.42857142857143,383747738.0,104705133.0,103380343.0,175662262.0,309.59,84.47,83.4,141.72
Russia,2020-12,441571.0,0.0,441571.0,0.017823529411764707,179.41176470588235,52000.0,52000.0,,,0.04,0.04,,
Russia,2021-01,1868071.0,0.0,1526984.0,0.03387096774193549,416.5483870967742,1000000.0,1000000.0,,,0.69,0.69,,
Russia,2021-02,2479064.0,0.0,1842372.0,0.045,612.0,1000000.0,1000000.0,,,0.69,0.69,,
Russia,2021-03,5868032.0,2817890.0,2824874.0,0.063,1308.0645161290322,11373572.0,7004336.0,4369236.0,,7.86,4.84,3.02,
Russia,2021-04,8111630.0,8460820.0,5072274.0,0.11693333333333333,1868.4,19834392.0,12299770.0,7534622.0,,13.71,8.5,5.21,
Russia,2021-05,9185739.0,8478188.0,4567893.0,0.10174193548387096,2047.6451612903227,28501637.0,16576370.0,11925267.0,,19.7,11.45,8.24,
Russia,2021-06,10490530.0,11526307.0,5352969.0,0.1234,2416.5,40027944.0,22691596.0,17336348.0,,27.66,15.68,11.98,
Russia,2021-07,20973980.0,21874134.0,13953649.0,0.3110322580645161,4675.322580645161,61902078.0,36621627.0,25280451.0,,42.78,25.31,17.47,
Russia,2021-08,19859200.0,18342448.0,7751434.0,0.1727741935483871,4426.806451612903,80244526.0,43771190.0,36473336.0,,55.45,30.25,25.2,
Russia,2021-09,10301046.0,9124439.0,4412087.0,0.10156666666666667,2372.766666666667,90298423.0,48079685.0,42218738.0,725352.0,62.4,33.22,29.17,0.5
Russia,2021-10,13182991.0,9006653.0,6502288.0,0.14490322580645162,2938.7096774193546,104464268.0,55463950.0,47601622.0,1730473.0,72.19,38.33,32.89,1.2
Russia,2021-11,21919036.0,21152414.0,11601096.0,0.2672333333333333,5048.8,126818133.0,66738623.0,56681192.0,4422166.0,87.63,46.12,39.17,3.06
Russia,2021-12,20236821.0,19169974.0,7413094.0,0.16525806451612904,4511.096774193548,146364014.0,73824201.0,66773441.0,7382067.0,101.14,51.01,46.14,5.1
Russia,2022-01,8510102.0,7069207.0,3000794.0,0.06690322580645161,1896.9354838709678,154374065.0,76585311.0,69815128.0,10107949.0,106.68,52.92,48.24,6.98
Russia,2022-02,7430153.0,6442931.0,2222312.0,0.05489285714285714,1833.6785714285713,160816996.0,78284278.0,71601909.0,11716875.0,111.13,54.1,49.48,8.1
Russia,2022-03,2622670.0,2400100.0,1373054.0,0.03061290322580645,584.6129032258065,163623016.0,79920509.0,72847646.0,12945781.0,113.07,55.23,50.34,8.95
Russia,2022-04,2681528.0,1784845.0,849856.0,0.019633333333333332,617.6666666666666,166388061.0,80862100.0,73576259.0,14188439.0,114.98,55.88,50.84,9.8
Russia,2022-05,706423.0,177248.0,304383.0,0.006870967741935484,157.58064516129033,167125605.0,81042991.0,73960224.0,14354693.0,115.49,56.0,51.11,9.92
Russia,2022-06,1846568.0,405462.0,698109.0,0.016066666666666667,425.26666666666665,168942751.0,81792489.0,74673362.0,14715637.0,116.74,56.52,51.6,10.17
Russia,2022-07,1654808.0,572779.0,518655.0,0.01164516129032258,368.8709677419355,170307823.0,82246152.0,75041866.0,15258542.0,117.69,56.83,51.86,10.54
Russia,2022-08,3438364.0,1477160.0,1296241.0,0.028903225806451615,766.4516129032259,174883953.0,83876503.0,76357386.0,16888858.0,120.85,57.96,52.76,11.67
Russia,2022-09,3915039.0,1590457.0,1347528.0,0.030866666666666667,901.7,178107276.0,85094650.0,76879530.0,18371890.0,123.08,58.8,53.13,12.7
Russia,2022-10,2443947.0,771731.0,932413.0,0.020774193548387096,544.8064516129032,180354300.0,85859068.0,77439470.0,19294556.0,124.63,59.33,53.51,13.33
Russia,2022-11,2018796.0,0.0,1255305.0,0.028933333333333332,465.03333333333336,181894298.0,87096991.0,78057291.0,19470951.0,125.69,60.19,53.94,13.45
Russia,2022-12,1633094.0,71260.0,578943.0,0.012903225806451613,364.06451612903226,183889038.0,87669148.0,78929790.0,19528894.0,127.07,60.58,54.54,13.49
Russia,2023-01,618506.0,0.0,267189.0,0.005967741935483871,137.8709677419355,184434902.0,87919862.0,79066362.0,19687472.0,127.45,60.75,54.64,13.6
Russia,2023-02,1219905.0,0.0,416633.0,0.010249999999999999,301.0,185672750.0,88341484.0,79537850.0,20032210.0,128.3,61.05,54.96,13.84
Russia,2023-03,902185.0,0.0,442490.0,0.009838709677419354,201.1290322580645,186575672.0,88786250.0,79699134.0,20329082.0,128.93,61.35,55.07,14.05
Russia,2023-04,63019.0,0.0,10541.0,0.00016666666666666666,14.7,186640698.0,88795533.0,79700941.0,20383018.0,128.97,61.36,55.08,14.09
Russia,2023-05,51155.0,0.0,16443.0,0.00022580645161290324,11.290322580645162,186692479.0,88811982.0,79702396.0,20416895.0,129.01,61.37,55.08,14.11
Russia,2023-06,6647.0,0.0,6643.0,0.0,1.1333333333333333,186692479.0,88811982.0,79702396.0,20416895.0,129.01,61.37,55.08,14.11
Russia,2023-07,194011.0,0.0,76173.0,0.0015806451612903226,42.903225806451616,186700479.0,88819982.0,79702396.0,20416895.0,129.01,61.38,55.08,14.11
Russia,2023-08,248744.0,0.0,96534.0,0.002,55.0,186700479.0,88819982.0,79702396.0,20416895.0,129.01,61.38,55.08,14.11
Russia,2023-09,208624.0,0.0,80964.0,0.0019259259259259262,52.96296296296296,187374508.0,89081596.0,79702396.0,20829310.0,129.48,61.56,55.08,14.39
Spain,2021-01,1521408.0,994496.0,1277261.0,0.09596428571428571,1142.5,1609261.0,1251369.0,357892.0,,3.38,2.63,0.75,
Spain,2021-02,2078004.0,1586598.0,1083219.0,0.08132142857142857,1560.4285714285713,3829465.0,2567617.0,1261848.0,,8.05,5.4,2.65,
Spain,2021-03,3876126.0,2840340.0,2546854.0,0.17274193548387098,2629.064516129032,8035160.0,5314076.0,2721084.0,,16.9,11.17,5.72,
Spain,2021-04,8078675.0,6402200.0,6421737.0,0.45006666666666667,5662.3,16364595.0,11763360.0,4689766.0,,34.41,24.73,9.86,
Spain,2021-05,10804081.0,7263655.0,6495655.0,0.4405483870967742,7328.193548387097,27119733.0,18178604.0,9405245.0,,57.02,38.22,19.78,
Spain,2021-06,13892796.0,10641081.0,7122754.0,0.49926666666666664,9737.333333333334,42027584.0,25627278.0,17990526.0,,88.37,53.89,37.83,
Spain,2021-07,15375205.0,10026541.0,6630253.0,0.44970967741935486,10428.741935483871,56186601.0,31851618.0,26933847.0,,118.14,66.97,56.63,
Spain,2021-08,9790718.0,7360786.0,4805667.0,0.3259354838709677,6640.8387096774195,66130220.0,36533328.0,33376693.0,,139.05,76.82,70.18,
Spain,2021-09,4598938.0,2758799.0,1317726.0,0.09236666666666667,3223.366666666667,70153507.0,37702384.0,36667138.0,,147.51,79.28,77.1,
Spain,2021-10,1855230.0,1405298.0,384151.0,0.026096774193548385,1258.4193548387098,72058020.0,38037531.0,37317388.0,1074853.0,151.51,79.98,78.47,2.26
Spain,2021-11,4340044.0,3226989.0,285231.0,0.02,3041.866666666667,76680144.0,38356928.0,37624032.0,5109834.0,161.23,80.65,79.11,10.74
Spain,2021-12,7454655.0,2522875.0,1304458.0,0.08848387096774193,5056.258064516129,83529796.0,39664717.0,37869504.0,13743032.0,175.64,83.4,79.63,28.9
Spain,2022-01,6219429.0,4011163.0,1277474.0,0.08670967741935484,4218.5161290322585,90272896.0,40918884.0,38295449.0,21664977.0,189.81,86.04,80.52,45.55
Spain,2022-02,2678588.0,1783850.0,167041.0,0.012499999999999999,2011.5357142857142,92633158.0,41073324.0,39039472.0,24091562.0,194.78,86.36,82.09,50.66
Spain,2022-03,1445542.0,141239.0,91263.0,0.006161290322580645,980.4516129032259,94004482.0,41153657.0,40240841.0,24507469.0,197.66,86.53,84.61,51.53
Spain,2022-04,452437.0,0.0,51681.0,0.0036,317.1,94404832.0,41200263.0,40414329.0,24764684.0,198.5,86.63,84.98,52.07
Spain,2022-05,370495.0,0.0,35074.0,0.002225806451612903,251.25806451612902,94734966.0,41231916.0,40496678.0,25039928.0,199.2,86.7,85.15,52.65
Spain,2022-06,360749.0,0.0,23100.0,0.0015666666666666667,252.86666666666667,95153556.0,41259173.0,40562786.0,25436397.0,200.08,86.75,85.29,53.48
Spain,2022-07,368567.0,0.0,20634.0,0.0014193548387096773,249.90322580645162,95491074.0,41277964.0,40606091.0,25743855.0,200.79,86.79,85.38,54.13
Spain,2022-08,163580.0,0.0,12835.0,0.001,110.90322580645162,95676798.0,41292888.0,40633204.0,25902573.0,201.18,86.83,85.44,54.46
Spain,2022-09,117366.0,0.0,15740.0,0.0011666666666666668,82.33333333333333,95783126.0,41307428.0,40652734.0,25984355.0,201.4,86.86,85.48,54.64
Spain,2022-10,3340079.0,0.0,7621.0,0.0006774193548387097,2265.5806451612902,98948747.0,41314306.0,40662089.0,26101783.0,208.06,86.87,85.5,54.88
Spain,2022-11,3670045.0,0.0,10547.0,0.0007,2572.3,102574756.0,41324255.0,40677172.0,26251357.0,215.68,86.89,85.53,55.2
Spain,2022-12,1395717.0,0.0,8083.0,0.0004516129032258065,946.6129032258065,104186558.0,41333243.0,40719958.0,26389932.0,219.07,86.91,85.62,55.49
Spain,2023-01,977119.0,0.0,6112.0,0.00025806451612903227,662.8064516129032,105094800.0,41338847.0,40726228.0,26473775.0,220.98,86.92,85.63,55.67
Spain,2023-02,377867.0,0.0,4384.0,0.0,283.75,105522606.0,41343396.0,40730568.0,26517510.0,221.88,86.93,85.64,55.76
Spain,2023-03,185060.0,0.0,3605.0,0.0,125.93548387096774,105733320.0,41347499.0,40735254.0,26543009.0,222.32,86.94,85.65,55.81
Spain,2023-04,75184.0,0.0,2031.0,0.0,52.733333333333334,105799888.0,41349325.0,40737245.0,26553194.0,222.46,86.94,85.66,55.83
Spain,2023-05,35056.0,0.0,1631.0,0.0,30.375,105840320.0,41351234.0,40739123.0,26559282.0,222.55,86.95,85.66,55.85
Turkey,2021-01,2421536.0,1986237.0,0.0,0.0,1493.421052631579,1986237.0,,,,2.33,,,
Turkey,2021-02,6182720.0,6561638.0,3979309.0,0.1665357142857143,2587.464285714286,8547875.0,6869923.0,1677952.0,,10.02,8.05,1.97,
Turkey,2021-03,7024301.0,6990311.0,1942880.0,0.07345161290322581,2655.032258064516,15834787.0,8994454.0,6840333.0,,18.55,10.54,8.02,
Turkey,2021-04,6933243.0,6982104.0,4997007.0,0.19516666666666665,2708.1,22816891.0,13712254.0,9104637.0,,26.74,16.07,10.67,
Turkey,2021-05,6912787.0,6354652.0,3036632.0,0.11487096774193548,2612.935483870968,29171543.0,16628831.0,12542712.0,,34.18,19.49,14.7,
Turkey,2021-06,19298109.0,21436599.0,16615143.0,0.6488333333333334,7537.666666666667,50608142.0,35091645.0,15217656.0,298841.0,59.3,41.12,17.83,0.35
Turkey,2021-07,22335027.0,22664525.0,7292815.0,0.27564516129032257,8442.387096774193,73272667.0,41012715.0,27355633.0,4904319.0,85.86,48.06,32.05,5.75
Turkey,2021-08,22258470.0,20894887.0,7279697.0,0.27522580645161293,8413.516129032258,94167554.0,48271065.0,37089601.0,8806888.0,110.34,56.56,43.46,10.32
Turkey,2021-09,15727413.0,14566557.0,5936678.0,0.2319,6142.866666666667,109495613.0,53840659.0,44498344.0,11156610.0,128.3,63.09,52.14,13.07
Turkey,2021-10,7591721.0,6785338.0,1752850.0,0.0662258064516129,2869.548387096774,116280951.0,55392343.0,48655853.0,12232755.0,136.25,64.91,57.01,14.33
Turkey,2021-11,4104110.0,4109700.0,870759.0,0.03403333333333333,1603.0666666666666,120390651.0,56261687.0,50458355.0,13670609.0,141.07,65.93,59.13,16.02
Turkey,2021-12,9896888.0,11255354.0,658482.0,0.024935483870967744,3740.9032258064517,131646005.0,56914268.0,51604894.0,23126843.0,154.26,66.69,60.47,27.1
Turkey,2022-01,11597369.0,9038434.0,545090.0,0.02064516129032258,4383.645161290323,141981790.0,57422636.0,52399906.0,32159248.0,166.37,67.29,61.4,37.68
Turkey,2022-02,3857047.0,3649842.0,272627.0,0.011392857142857144,1614.107142857143,145631632.0,57682903.0,52809698.0,35139031.0,170.65,67.59,61.88,41.17
Turkey,2022-03,1435157.0,1363751.0,109494.0,0.004129032258064516,542.4193548387096,146995383.0,57781315.0,52977660.0,36236408.0,172.24,67.71,62.08,42.46
Turkey,2022-04,625898.0,376000.0,41403.0,0.0016333333333333334,244.46666666666667,147498664.0,57818874.0,53034655.0,36645135.0,172.83,67.75,62.14,42.94
Turkey,2022-05,252565.0,222403.0,25935.0,0.001,95.45161290322581,147734958.0,57843685.0,53067556.0,36823717.0,173.11,67.78,62.18,43.15
Turkey,2022-06,100185.0,42999.0,15785.0,0.0009333333333333333,39.1,147828801.0,57858728.0,53088281.0,36881792.0,173.22,67.8,62.21,43.22
Turkey,2022-07,2417395.0,2692698.0,24406.0,0.0008064516129032258,913.7096774193549,150530369.0,57885216.0,53115583.0,39529570.0,176.39,67.83,62.24,46.32
Turkey,2022-08,1731102.0,1480438.0,30696.0,0.0010967741935483872,654.3870967741935,152010807.0,57914125.0,53145838.0,40950844.0,178.12,67.86,62.27,47.98
Turkey,2022-09,317429.0,304488.0,14548.0,0.0006666666666666666,124.03333333333333,152315295.0,57928376.0,53162154.0,41224765.0,178.48,67.88,62.29,48.31
Turkey,2022-10,176244.0,135595.0,8858.0,0.0,66.58064516129032,152469836.0,57936443.0,53171374.0,41362019.0,178.66,67.89,62.3,48.47
Turkey,2022-11,71463.0,5221.0,4454.0,0.0,37.95454545454545,152543341.0,57941051.0,53176961.0,41425329.0,178.75,67.89,62.31,48.54
United Kingdom,2021-01,6442200.0,7112605.0,6302614.0,0.4244090909090909,4337.681818181818,9790576.0,9296367.0,494209.0,,14.5,13.77,0.73,
United Kingdom,2021-02,11399941.0,11300691.0,11148172.0,0.5898214285714286,6030.928571428572,21091267.0,20275451.0,815816.0,,31.24,30.03,1.21,
United Kingdom,2021-03,14168071.0,14569635.0,11186095.0,0.5344516129032258,6769.903225806452,35660902.0,31147444.0,4513458.0,,52.82,46.14,6.69,
United Kingdom,2021-04,13624879.0,13658616.0,3646329.0,0.18,6727.4,49319518.0,34362205.0,14957313.0,,73.06,50.9,22.16,
United Kingdom,2021-05,16137738.0,15892359.0,5022577.0,0.24,7711.096774193548,65211877.0,39477158.0,25734719.0,,96.6,58.48,38.12,
United Kingdom,2021-06,13171897.0,12697300.0,5404224.0,0.2668,6503.733333333334,77909177.0,44860978.0,33048199.0,,115.41,66.45,48.95,
United Kingdom,2021-07,7487935.0,7229376.0,2286614.0,0.10925806451612903,3578.0967741935483,85138553.0,46816382.0,38322171.0,,126.11,69.35,56.77,
United Kingdom,2021-08,6108628.0,5859342.0,1287004.0,0.06154838709677419,2918.8709677419356,90997895.0,48087908.0,42909987.0,,134.79,71.23,63.56,
United Kingdom,2021-09,3113584.0,3635629.0,788103.0,0.03883333333333334,1537.3666666666666,94633524.0,48863490.0,44901832.0,868202.0,140.18,72.38,66.51,1.29
United Kingdom,2021-10,9125877.0,9181381.0,1102474.0,0.052645161290322574,4360.580645161291,103814905.0,49987325.0,45712351.0,8115229.0,153.78,74.05,67.71,12.02
United Kingdom,2021-11,11927826.0,12186782.0,1043373.0,0.0515,5889.5,116001687.0,50994257.0,46399306.0,18608124.0,171.83,75.54,68.73,27.56
United Kingdom,2021-12,17496813.0,17311130.0,794982.0,0.038,8360.548387096775,133312817.0,51786768.0,47434251.0,34091798.0,197.47,76.71,70.26,50.5
United Kingdom,2022-01,5620412.0,4830526.0,598814.0,0.028580645161290323,2685.5806451612902,138143343.0,52360487.0,48440773.0,37342083.0,204.63,77.56,71.75,55.31
United Kingdom,2022-02,1876381.0,1740968.0,299352.0,0.015785714285714285,992.5714285714286,139884311.0,52634448.0,49014524.0,38235339.0,207.21,77.97,72.6,56.64
United Kingdom,2022-03,2144926.0,2113958.0,173083.0,0.008290322580645161,1024.9354838709678,142226665.0,52803478.0,49440582.0,38824622.0,210.68,78.22,73.24,57.51
United Kingdom,2022-04,3859192.0,3951244.0,397315.0,0.0196,1905.5,146177909.0,53230188.0,49756334.0,39293425.0,216.53,78.85,73.7,58.2
United Kingdom,2022-05,2634157.0,2371840.0,280704.0,0.013387096774193547,1258.7096774193549,148549749.0,53486907.0,50003659.0,39750799.0,220.04,79.23,74.07,58.88
United Kingdom,2022-06,1214073.0,1210539.0,137974.0,0.006766666666666667,599.4333333333333,149760288.0,53614409.0,50189173.0,40000552.0,221.84,79.42,74.34,59.25
United Kingdom,2022-07,1019928.0,933527.0,111095.0,0.005193548387096774,487.258064516129,150693815.0,53723887.0,50526813.0,40219929.0,223.22,79.58,74.84,59.58
United Kingdom,2022-08,551531.0,512543.0,80503.0,0.003774193548387097,263.5483870967742,151206358.0,53800393.0,50727968.0,40361776.0,223.98,79.69,75.14,59.79
United Kingdom,2022-09,45275.0,42462.0,15939.0,0.002272727272727273,60.90909090909091,151248820.0,53813491.0,50762968.0,40373987.0,224.04,79.71,75.19,59.81
United States,2020-12,4171482.0,5670692.0,4072304.0,0.06463157894736841,661.421052631579,5716312.0,5570284.0,47241.0,,1.72,1.68,0.01,
United States,2021-01,30178374.0,32349984.0,23284354.0,0.22629032258064516,2932.0967741935483,38066296.0,29904700.0,7439022.0,,11.47,9.01,2.24,
United States,2021-02,47821499.0,50166393.0,25673259.0,0.2762857142857143,5144.285714285715,88232689.0,56236747.0,30163870.0,11.0,26.58,16.94,9.09,0.0
United States,2021-03,80937423.0,84262036.0,50563807.0,0.4912580645161291,7863.870967741936,172494725.0,108836606.0,64852669.0,44.0,51.95,32.78,19.53,0.0
United States,2021-04,91709747.0,90714882.0,46441124.0,0.4663333333333333,9207.533333333333,263209607.0,153123692.0,115074274.0,137.0,79.28,46.12,34.66,0.0
United States,2021-05,57265189.0,50788105.0,22781702.0,0.22138709677419358,5563.870967741936,313997712.0,173638666.0,147117126.0,234.0,94.58,52.3,44.31,0.0
United States,2021-06,25898051.0,25519531.0,10073058.0,0.10116666666666667,2600.1666666666665,339517243.0,183541437.0,163820348.0,316.0,102.26,55.28,49.34,0.0
United States,2021-07,16140235.0,16520889.0,9103739.0,0.08845161290322581,1568.225806451613,356038132.0,193250303.0,171307489.0,408.0,107.24,58.21,51.6,0.0
United States,2021-08,23941930.0,24391381.0,13893483.0,0.13490322580645162,2326.2580645161293,380429513.0,206865219.0,181157998.0,1631373.0,114.58,62.31,54.56,0.49
United States,2021-09,22153922.0,22774640.0,8875774.0,0.08913333333333333,2224.2,403204153.0,215414801.0,191115499.0,6373019.0,121.44,64.88,57.56,1.92
United States,2021-10,29225701.0,29478481.0,6796827.0,0.06593548387096775,2839.548387096774,432682634.0,222040977.0,197453679.0,23237588.0,130.32,66.88,59.47,7.0
United States,2021-11,41906682.0,42478874.0,11554051.0,0.11603333333333334,4207.433333333333,475161508.0,233810596.0,202533633.0,49162080.0,143.12,70.42,61.0,14.81
United States,2021-12,46746787.0,46636184.0,10162132.0,0.09867741935483872,4541.903225806452,521797692.0,244104717.0,210360591.0,77816104.0,157.16,73.52,63.36,23.44
United States,2022-01,30797819.0,28711813.0,7840269.0,0.07616129032258065,2992.2903225806454,550509505.0,251400429.0,215215443.0,94321163.0,165.81,75.72,64.82,28.41
United States,2022-02,12164967.0,11221736.0,3010290.0,0.03239285714285715,1308.5714285714287,561731241.0,254178133.0,218330536.0,99544630.0,169.19,76.56,65.76,29.98
United States,2022-03,6405800.0,6580941.0,1627520.0,0.015838709677419356,622.3870967741935,568312182.0,255767644.0,219898973.0,102856397.0,171.17,77.04,66.23,30.98
United States,2022-04,13398280.0,13657138.0,1605368.0,0.0161,1345.2,581969320.0,257354554.0,221433810.0,113047649.0,175.29,77.51,66.7,34.05
United States,2022-05,11146722.0,10579789.0,1367835.0,0.01332258064516129,1083.032258064516,592549109.0,258666941.0,222623670.0,120684539.0,178.47,77.91,67.05,36.35
United States,2022-06,7600129.0,7660750.0,1265029.0,0.012766666666666667,763.0333333333333,600209859.0,260045532.0,223512235.0,125699267.0,180.78,78.32,67.32,37.86
United States,2022-07,7912635.0,7777579.0,1729954.0,0.016774193548387096,768.7741935483871,607987438.0,261697671.0,224439379.0,130324217.0,183.12,78.82,67.6,39.25
United States,2022-08,5546442.0,5301050.0,1299361.0,0.012612903225806452,538.8064516129032,613288488.0,262965429.0,225287976.0,133030484.0,184.72,79.2,67.86,40.07
United States,2022-09,11817319.0,13633621.0,1373440.0,0.013733333333333332,1186.4666666666667,626922109.0,264446649.0,226506045.0,133062763.0,188.83,79.65,68.22,40.08
United States,2022-10,20058110.0,19462383.0,1850265.0,0.017838709677419354,1948.774193548387,646384492.0,266240868.0,227924209.0,133062763.0,194.69,80.19,68.65,40.08
United States,2022-11,13139069.0,12504962.0,1369223.0,0.013633333333333334,1319.2666666666667,658889454.0,267569384.0,228900198.0,133062763.0,198.46,80.59,68.94,40.08
United States,2022-12,8432444.0,8062787.0,997082.0,0.009741935483870968,819.258064516129,666952241.0,268541239.0,229580638.0,133062763.0,200.88,80.88,69.15,40.08
United States,2023-01,4492014.0,4160978.0,674866.0,0.006580645161290323,436.4516129032258,671113219.0,269179403.0,230004242.0,133062763.0,202.14,81.08,69.28,40.08
United States,2023-02,2009254.0,1925542.0,371621.0,0.004035714285714286,216.14285714285714,673038761.0,269539415.0,230241646.0,133062763.0,202.72,81.18,69.35,40.08
United States,2023-03,1638571.0,1635826.0,342443.0,0.0031935483870967744,159.19354838709677,674674587.0,269884517.0,230457960.0,133062763.0,203.21,81.29,69.41,40.08
United States,2023-04,1418847.0,1432975.0,275968.0,0.0028333333333333335,142.43333333333334,676107562.0,270148532.0,230601588.0,133062763.0,203.64,81.37,69.46,40.08
United States,2023-05,677092.0,621220.0,86609.0,0.002888888888888889,226.55555555555554,676728782.0,270227181.0,230637348.0,133062763.0,203.83,81.39,69.47,40.08
Vietnam,2021-03,47124.0,49743.0,47124.0,0.00192,19.12,49743.0,49743.0,,,0.05,0.05,,
Vietnam,2021-04,302631.0,469519.0,301286.0,0.010233333333333334,102.73333333333333,519262.0,509855.0,9407.0,,0.53,0.52,0.01,
Vietnam,2021-05,715067.0,37208.0,686751.0,0.022483870967741935,234.93548387096774,1102099.0,1071497.0,30602.0,,1.12,1.09,0.03,
Vietnam,2021-06,2302538.0,2520356.0,2167262.0,0.07360000000000001,781.7,3776980.0,3583939.0,193041.0,,3.85,3.65,0.2,
Vietnam,2021-07,1971224.0,2426886.0,1633834.0,0.053838709677419355,647.7096774193549,6203866.0,5583255.0,620611.0,,6.32,5.69,0.63,
Vietnam,2021-08,14067831.0,14006515.0,12140964.0,0.3989032258064516,4621.741935483871,20210381.0,17483818.0,2726563.0,,20.58,17.81,2.78,
Vietnam,2021-09,20807085.0,22677776.0,14567502.0,0.49443333333333334,7063.666666666667,42888157.0,33069709.0,9818448.0,,43.68,33.68,10.0,
Vietnam,2021-10,38479489.0,25999970.0,23879173.0,0.7844516129032258,12642.032258064517,81929875.0,57332644.0,21045837.0,,83.44,58.39,21.43,
Vietnam,2021-11,40412831.0,28697044.0,14630307.0,0.4966666666666667,13719.7,122083464.0,71143392.0,21045837.0,,124.34,72.46,21.43,
Vietnam,2021-12,29427374.0,11273507.0,7299727.0,0.23987096774193548,9668.0,150935915.0,77555511.0,68435813.0,,153.72,78.99,69.7,
Vietnam,2022-01,31900456.0,6448448.0,1673553.0,0.054838709677419356,10480.58064516129,181280001.0,79059864.0,71946807.0,,184.63,80.52,73.28,
Vietnam,2022-02,12885657.0,5957496.0,316247.0,0.011571428571428571,4687.035714285715,194970502.0,79373871.0,77052498.0,38544133.0,198.57,80.84,78.48,39.26
Vietnam,2022-03,12240215.0,4634588.0,675786.0,0.022193548387096775,4021.3870967741937,206338189.0,80049781.0,77940414.0,48347994.0,210.15,81.53,79.38,49.24
Vietnam,2022-04,8280633.0,5230588.0,1477246.0,0.0501,2811.2,214939202.0,81888081.0,78618038.0,54433083.0,218.91,83.4,80.07,55.44
Vietnam,2022-05,6902378.0,3216296.0,2829170.0,0.09287096774193548,2267.7419354838707,221395862.0,84473179.0,79244389.0,55996328.0,225.48,86.03,80.71,57.03
Vietnam,2022-06,10098612.0,6495169.0,1908452.0,0.06486666666666667,3428.4,232676319.0,86438964.0,79786295.0,55996328.0,236.97,88.04,81.26,57.03
Vietnam,2022-07,13763887.0,66330.0,1842450.0,0.060548387096774195,4522.032258064516,241480787.0,87717272.0,81040637.0,55996328.0,245.94,89.34,82.54,57.03
Vietnam,2022-08,11618776.0,0.0,1439465.0,0.0472258064516129,3817.1935483870966,253398589.0,89255868.0,82993225.0,55996328.0,258.08,90.9,84.53,57.03
Vietnam,2022-09,3779875.0,0.0,472870.0,0.016033333333333333,1283.1333333333334,259794452.0,89975153.0,84234230.0,55996328.0,264.59,91.64,85.79,57.03
Vietnam,2022-10,1752991.0,0.0,75219.0,0.0026451612903225807,575.8709677419355,261694006.0,90063216.0,84448184.0,56525745.0,266.53,91.73,86.01,57.57
Vietnam,2022-11,2424821.0,0.0,99395.0,0.0033333333333333335,823.4666666666667,263040545.0,90156999.0,84690714.0,56988856.0,267.9,91.82,86.25,58.04
Vietnam,2022-12,1242311.0,0.0,16647.0,0.001,408.0967741935484,265336568.0,90156999.0,85705657.0,57435666.0,270.24,91.82,87.29,58.5
Vietnam,2023-01,310725.0,0.0,16647.0,0.001,102.03225806451613,265668329.0,90156999.0,85848363.0,57691980.0,270.57,91.82,87.43,58.76
Vietnam,2023-02,113400.0,0.0,15036.0,0.001,41.0,265668329.0,90156999.0,85848363.0,57752910.0,270.57,91.82,87.43,58.82
Vietnam,2023-03,125979.0,0.0,16689.0,0.001,41.16129032258065,265980213.0,90228395.0,85861691.0,57812354.0,270.89,91.89,87.45,58.88
Vietnam,2023-04,224893.0,0.0,22373.0,0.001,76.43333333333334,266128292.0,90245924.0,85908380.0,57881873.0,271.04,91.91,87.49,58.95
Vietnam,2023-05,212905.0,0.0,18299.0,0.0008387096774193549,70.06451612903226,266403148.0,90267647.0,85950998.0,57944976.0,271.32,91.93,87.54,59.02
Vietnam,2023-06,75812.0,0.0,198669.0,0.006966666666666666,25.5,266492149.0,90497674.0,85961564.0,57975220.0,271.41,92.17,87.55,59.05
