location,year_month,new_cases,new_deaths,total_cases,total_deaths,people_vaccinated,people_fully_vaccinated,total_vaccinations
Australia,2020-01,4.0,0.0,4.0,0.0,,,
Australia,2020-02,18.0,0.0,22.0,0.0,,,
Australia,2020-03,3787.0,16.0,3809.0,16.0,,,
Australia,2020-04,2894.0,69.0,6703.0,85.0,,,
Australia,2020-05,482.0,22.0,7185.0,107.0,,,
Australia,2020-06,456.0,1.0,7641.0,108.0,,,
Australia,2020-07,6309.0,66.0,13950.0,174.0,,,
Australia,2020-08,11597.0,550.0,25547.0,724.0,,,
Australia,2020-09,1469.0,163.0,27016.0,887.0,,,
Australia,2020-10,483.0,27.0,27499.0,914.0,,,
Australia,2020-11,386.0,4.0,27885.0,918.0,,,
Australia,2020-12,411.0,2.0,28296.0,920.0,,,
Australia,2021-01,515.0,3.0,28811.0,923.0,,,
Australia,2021-02,159.0,1.0,28970.0,924.0,34618.0,12.0,34630.0
Australia,2021-03,290.0,1.0,29260.0,925.0,671606.0,72724.0,744330.0
Australia,2021-04,406.0,3.0,29666.0,928.0,1976315.0,258529.0,2234844.0
Australia,2021-05,432.0,0.0,30098.0,928.0,3856485.0,506254.0,4362739.0
Australia,2021-06,737.0,0.0,30835.0,928.0,6109102.0,1633434.0,7742536.0
Australia,2021-07,2960.0,12.0,33795.0,940.0,8407015.0,3927056.0,12334071.0
Australia,2021-08,21866.0,92.0,55661.0,1032.0,12293802.0,7369320.0,19663122.0
Australia,2021-09,48489.0,280.0,104150.0,1312.0,16649549.0,11386339.0,28035888.0
Australia,2021-10,69834.0,554.0,173984.0,1866.0,19052562.0,16529442.0,35603091.0
Australia,2021-11,37441.0,300.0,211425.0,2166.0,20025197.0,18808812.0,39282954.0
Australia,2021-12,155182.0,211.0,366607.0,2377.0,20444346.0,19755837.0,42580539.0
Australia,2022-01,1956529.0,2092.0,2323136.0,4469.0,21683520.0,20211402.0,49866290.0
Australia,2022-02,693697.0,1583.0,3016833.0,6052.0,22055898.0,20483240.0,54065507.0
Australia,2022-03,1150567.0,579.0,4167400.0,6631.0,22210293.0,21240452.0,56362692.0
Australia,2022-04,1351213.0,963.0,5518613.0,7594.0,22231734.0,21527099.0,57575626.0
Australia,2022-05,1478635.0,1610.0,6997248.0,9204.0,,21614599.0,59202011.0
Australia,2022-06,779787.0,1374.0,7777035.0,10578.0,,21647523.0,60277104.0
Australia,2022-07,1138110.0,2420.0,8915145.0,12998.0,,,62255266.0
Australia,2022-08,702093.0,1833.0,9617238.0,14831.0,,,63011373.0
Australia,2022-09,238051.0,785.0,9855289.0,15616.0,,,
Australia,2022-10,167562.0,477.0,10022851.0,16093.0,,,
Australia,2022-11,245053.0,559.0,10267904.0,16652.0,,,63406631.0
Australia,2022-12,426137.0,1164.0,10694041.0,17816.0,,,63583562.0
Australia,2023-01,277460.0,1094.0,10971501.0,18910.0,,,63668170.0
Australia,2023-02,71730.0,1436.0,11043231.0,20346.0,,,63681652.0
Australia,2023-03,82737.0,337.0,11125968.0,20683.0,,,65492360.0
Australia,2023-04,139623.0,658.0,11265591.0,21341.0,,,
Australia,2023-05,140254.0,729.0,11405845.0,22070.0,,,
Australia,2023-06,111767.0,700.0,11517612.0,22770.0,,,
Australia,2023-07,43908.0,85.0,11561520.0,22779.0,,,68247343.0
Australia,2023-08,20896.0,236.0,11582416.0,23015.0,,,68480571.0
Australia,2023-09,20730.0,154.0,11603146.0,23169.0,,,68653247.0
Australia,2023-10,27350.0,280.0,11630496.0,23449.0,,,68770769.0
Australia,2023-11,39061.0,344.0,11669557.0,23793.0,,,
Australia,2023-12,51978.0,551.0,11721535.0,24344.0,,,69686752.0
Australia,2024-01,40707.0,313.0,11762242.0,24657.0,,,
Australia,2024-02,30877.0,226.0,11793119.0,24883.0,,,
Australia,2024-03,30520.0,156.0,11823639.0,25039.0,,,
Australia,2024-04,17884.0,147.0,11841523.0,25186.0,,,
Australia,2024-05,19638.0,50.0,11861161.0,25236.0,,,
Australia,2024-06,0.0,0.0,11861161.0,25236.0,,,
Australia,2024-07,0.0,0.0,11861161.0,25236.0,,,
Australia,2024-08,0.0,0.0,11861161.0,25236.0,,,
China,2020-01,1985.0,56.0,1985.0,56.0,,,
China,2020-02,75057.0,2390.0,77042.0,2446.0,,,
China,2020-03,5299.0,860.0,82341.0,3306.0,,,
China,2020-04,1997.0,1336.0,84338.0,4642.0,,,
China,2020-05,232.0,3.0,84570.0,4645.0,,,
China,2020-06,620.0,3.0,85190.0,4648.0,,,
China,2020-07,1649.0,11.0,86839.0,4659.0,,,
China,2020-08,3512.0,69.0,90351.0,4728.0,,,
China,2020-09,615.0,18.0,90966.0,4746.0,,,
China,2020-10,708.0,0.0,91674.0,4746.0,,,
China,2020-11,1655.0,4.0,93329.0,4750.0,,,
China,2020-12,2995.0,27.0,96324.0,4777.0,,,4500000.0
China,2021-01,4650.0,46.0,100974.0,4823.0,,,24000000.0
China,2021-02,946.0,20.0,101920.0,4843.0,,,52520000.0
China,2021-03,778.0,8.0,102698.0,4851.0,,,119821000.0
China,2021-04,786.0,5.0,103484.0,4856.0,,,265064000.0
China,2021-05,7662.0,99.0,111146.0,4955.0,,,661468000.0
China,2021-06,7212.0,523.0,118358.0,5478.0,622000000.0,,1244675000.0
China,2021-07,1855.0,156.0,120213.0,5634.0,,,1652819000.0
China,2021-08,2782.0,48.0,122995.0,5682.0,1072500000.0,889439000.0,2067589000.0
China,2021-09,1500.0,8.0,124495.0,5690.0,1100842000.0,1047872000.0,2211452000.0
China,2021-10,1583.0,6.0,126078.0,5696.0,,1070386000.0,2274072000.0
China,2021-11,1686.0,1.0,127764.0,5697.0,1225000000.0,1110506000.0,2507975000.0
China,2021-12,3094.0,2.0,130858.0,5699.0,1259967000.0,1207413000.0,2835332000.0
China,2022-01,8134.0,1.0,138992.0,5700.0,1266070000.0,1227387000.0,3000532000.0
China,2022-02,162162.0,448.0,301154.0,6148.0,1269302000.0,1234540000.0,3129845000.0
China,2022-03,589113.0,6595.0,890267.0,12743.0,1277709000.0,1242281000.0,3270874000.0
China,2022-04,126894.0,2138.0,1017161.0,14881.0,1284935000.0,1249688000.0,3344528000.0
China,2022-05,1861172.0,1777.0,2878333.0,16658.0,1289584000.0,1255732000.0,3381314000.0
China,2022-06,1733603.0,4311.0,4611936.0,20969.0,1294045000.0,1260501000.0,3402622000.0
China,2022-07,1004184.0,2735.0,5616120.0,23704.0,1298636000.0,1264901000.0,3423669000.0
China,2022-08,696924.0,1062.0,6313044.0,24766.0,1301392000.0,1268285000.0,3432778000.0
China,2022-09,1091501.0,1478.0,7404545.0,26244.0,1302773000.0,1271408000.0,3436911000.0
China,2022-10,1509174.0,2216.0,8913719.0,28460.0,,1271711000.0,3439802000.0
China,2022-11,693865.0,1732.0,9607584.0,30192.0,1304631000.0,1272830000.0,3443749000.0
China,2022-12,52838066.0,8803.0,62445650.0,38995.0,1307222000.0,1274018000.0,3478094000.0
China,2023-01,35998934.0,30884.0,98444584.0,69879.0,1310207000.0,1276549000.0,3489746000.0
China,2023-02,537561.0,49942.0,98982145.0,119821.0,1310292000.0,1276760000.0,3491077000.0
China,2023-03,255961.0,1073.0,99238106.0,120894.0,,,
China,2023-04,9275.0,67.0,99247381.0,120961.0,,,
China,2023-05,19079.0,274.0,99266460.0,121235.0,,,
China,2023-06,18978.0,230.0,99285438.0,121465.0,,,
China,2023-07,14263.0,71.0,99299701.0,121536.0,,,
China,2023-08,5968.0,143.0,99305669.0,121679.0,,,
China,2023-09,5351.0,43.0,99311020.0,121722.0,,,
China,2023-10,7353.0,113.0,99318373.0,121835.0,,,
China,2023-11,2052.0,42.0,99320425.0,121877.0,,,
China,2023-12,2302.0,16.0,99322727.0,121893.0,,,
China,2024-01,5027.0,62.0,99327754.0,121938.0,,,
China,2024-02,6998.0,60.0,99334752.0,121993.0,,,
China,2024-03,12696.0,132.0,99347448.0,122125.0,,,
China,2024-04,5713.0,51.0,99353161.0,122176.0,,,
China,2024-05,5842.0,49.0,99359003.0,122225.0,,,
China,2024-06,4488.0,36.0,99363491.0,122261.0,,,
China,2024-07,7641.0,28.0,99371132.0,122289.0,,,
China,2024-08,2087.0,15.0,99373219.0,122304.0,,,
France,2020-01,3.0,0.0,3.0,0.0,,,
France,2020-02,13.0,0.0,16.0,0.0,,,
France,2020-03,0.0,2712.0,16.0,2712.0,,,
France,2020-04,0.0,11446.0,16.0,14158.0,,,
France,2020-05,8453.0,4305.0,8469.0,18463.0,,,
France,2020-06,9663.0,859.0,18132.0,19322.0,,,
France,2020-07,14252.0,412.0,32384.0,19734.0,,,
France,2020-08,98186.0,467.0,130570.0,20201.0,,,
France,2020-09,257619.0,1372.0,388189.0,21573.0,,,
France,2020-10,620142.0,3988.0,1008331.0,25561.0,,,
France,2020-11,1004074.0,23716.0,2012405.0,49277.0,,,
France,2020-12,325853.0,14257.0,2338258.0,63534.0,2623.0,2.0,2625.0
France,2021-01,592826.0,16371.0,2931084.0,79905.0,1680348.0,55310.0,1735660.0
France,2021-02,484134.0,10628.0,3415218.0,90533.0,3154522.0,1661643.0,4816197.0
France,2021-03,675024.0,7538.0,4090242.0,98071.0,8873655.0,2931565.0,11805333.0
France,2021-04,827241.0,8108.0,4917483.0,106179.0,16068169.0,6605366.0,22621234.0
France,2021-05,474253.0,6388.0,5391736.0,112567.0,26417423.0,11378670.0,37550301.0
France,2021-06,98997.0,1463.0,5490733.0,114030.0,34602301.0,21205674.0,55316784.0
France,2021-07,201958.0,528.0,5692691.0,114558.0,43098128.0,32449846.0,74790548.0
France,2021-08,686943.0,2038.0,6379634.0,116596.0,49129350.0,40480192.0,88756478.0
France,2021-09,233452.0,1643.0,6613086.0,118239.0,50946635.0,44610211.0,95754584.0
France,2021-10,161023.0,998.0,6774109.0,119237.0,51841220.0,46112320.0,100013394.0
France,2021-11,429341.0,1216.0,7203450.0,120453.0,52488353.0,47294683.0,106596349.0
France,2021-12,1506476.0,3712.0,8709926.0,124165.0,53230434.0,49647368.0,124246736.0
France,2022-01,9575270.0,7889.0,18285196.0,132054.0,54124920.0,51662803.0,137263399.0
France,2022-02,3625723.0,7060.0,21910919.0,139114.0,54340110.0,52585211.0,141498380.0
France,2022-03,2205833.0,3433.0,24116752.0,142547.0,54406535.0,52767228.0,142583021.0
France,2022-04,3249330.0,3330.0,27366082.0,145877.0,54454764.0,52851688.0,143758435.0
France,2022-05,1133747.0,2996.0,28499829.0,148873.0,54495871.0,52919172.0,144806876.0
France,2022-06,1096518.0,1122.0,29596347.0,149995.0,54531282.0,52983109.0,146207975.0
France,2022-07,3171066.0,2601.0,32767413.0,152596.0,54566822.0,53044264.0,148659924.0
France,2022-08,599636.0,1777.0,33367049.0,154373.0,54584949.0,53072954.0,149486288.0
France,2022-09,638530.0,984.0,34005579.0,155357.0,54602235.0,53095528.0,150124638.0
France,2022-10,1659192.0,1962.0,35664771.0,157319.0,54617132.0,53115722.0,151004777.0
France,2022-11,819993.0,1766.0,36484764.0,159085.0,54629795.0,53131783.0,151878365.0
France,2022-12,1504783.0,2582.0,37989547.0,161667.0,54644454.0,53148866.0,153458028.0
France,2023-01,337752.0,2813.0,38327299.0,164480.0,54658180.0,53164856.0,154165142.0
France,2023-02,99062.0,781.0,38426361.0,165261.0,54665247.0,53174650.0,154335793.0
France,2023-03,162067.0,608.0,38588428.0,165869.0,54670602.0,53182452.0,154409111.0
France,2023-04,254156.0,1089.0,38842584.0,166958.0,54673693.0,53187295.0,154445339.0
France,2023-05,101492.0,680.0,38944076.0,167638.0,54675803.0,53190103.0,154467854.0
France,2023-06,53414.0,347.0,38997490.0,167985.0,54677353.0,53192152.0,154489830.0
France,2023-07,0.0,0.0,38997490.0,167985.0,54677678.0,53192478.0,154493266.0
France,2023-08,0.0,0.0,38997490.0,167985.0,,,
France,2023-09,0.0,0.0,38997490.0,167985.0,,,
France,2023-10,0.0,0.0,38997490.0,167985.0,,,
France,2023-11,0.0,0.0,38997490.0,168004.0,,,
France,2023-12,0.0,0.0,38997490.0,168047.0,,,
France,2024-01,0.0,0.0,38997490.0,168081.0,,,
France,2024-02,0.0,0.0,38997490.0,168089.0,,,
France,2024-03,0.0,0.0,38997490.0,168091.0,,,
France,2024-04,0.0,0.0,38997490.0,168091.0,,,
France,2024-05,0.0,0.0,38997490.0,168091.0,,,
France,2024-06,0.0,0.0,38997490.0,168091.0,,,
France,2024-07,0.0,0.0,38997490.0,168091.0,,,
France,2024-08,0.0,0.0,38997490.0,168091.0,,,
Germany,2020-01,2.0,6.0,2.0,6.0,,,
Germany,2020-02,29.0,4.0,31.0,10.0,,,
Germany,2020-03,63873.0,2035.0,63904.0,2045.0,,,
Germany,2020-04,92908.0,6104.0,156812.0,8149.0,,,
Germany,2020-05,25270.0,987.0,182082.0,9136.0,,,
Germany,2020-06,12061.0,141.0,194143.0,9277.0,,,
Germany,2020-07,12100.0,115.0,206243.0,9392.0,,,
Germany,2020-08,37305.0,151.0,243548.0,9543.0,,,
Germany,2020-09,43743.0,295.0,287291.0,9838.0,,,
Germany,2020-10,158914.0,1847.0,446205.0,11685.0,,,
Germany,2020-11,616085.0,12894.0,1062290.0,24579.0,,,
Germany,2020-12,597888.0,22430.0,1660178.0,47009.0,206927.0,,206927.0
Germany,2021-01,561112.0,23808.0,2221290.0,70817.0,1945323.0,601932.0,2547255.0
Germany,2021-02,224108.0,6653.0,2445398.0,77470.0,4153745.0,2193157.0,6346902.0
Germany,2021-03,338735.0,4956.0,2784133.0,82426.0,9969934.0,4255149.0,14225083.0
Germany,2021-04,514894.0,6421.0,3299027.0,88847.0,23417029.0,6582835.0,29999514.0
Germany,2021-05,378814.0,3702.0,3677841.0,92549.0,36562117.0,15180670.0,51421898.0
Germany,2021-06,46886.0,285.0,3724727.0,92834.0,47103248.0,31310938.0,76759847.0
Germany,2021-07,31744.0,120.0,3756471.0,92954.0,52363569.0,43813621.0,94312436.0
Germany,2021-08,184045.0,880.0,3940516.0,93834.0,55284711.0,50492763.0,103827960.0
Germany,2021-09,261487.0,1620.0,4202003.0,95454.0,57553645.0,53577751.0,109890973.0
Germany,2021-10,414599.0,3818.0,4616602.0,99272.0,58687279.0,55368166.0,114157653.0
Germany,2021-11,1204044.0,9761.0,5820646.0,109033.0,60592071.0,56974571.0,126945496.0
Germany,2021-12,1193397.0,8659.0,7014043.0,117692.0,62755976.0,59158121.0,153966358.0
Germany,2022-01,2943869.0,4576.0,9957912.0,122268.0,64018481.0,61561557.0,169137403.0
Germany,2022-02,4888949.0,6640.0,14846861.0,128908.0,64400829.0,62688649.0,174300293.0
Germany,2022-03,5719250.0,7199.0,20566111.0,136107.0,64593840.0,63108382.0,178283670.0
Germany,2022-04,3790172.0,4621.0,24356283.0,140728.0,64668936.0,63258598.0,180589838.0
Germany,2022-05,1956766.0,2180.0,26313049.0,142908.0,64709801.0,63340811.0,182019562.0
Germany,2022-06,1564591.0,1476.0,27877640.0,144384.0,64742175.0,63395721.0,183007531.0
Germany,2022-07,3050163.0,4439.0,30927803.0,148823.0,64770395.0,63437497.0,184074128.0
Germany,2022-08,1152536.0,2404.0,32080339.0,151227.0,64794035.0,63470261.0,184849265.0
Germany,2022-09,921289.0,1542.0,33001628.0,152769.0,64813872.0,63498674.0,185932640.0
Germany,2022-10,2616430.0,6250.0,35618058.0,159019.0,64837302.0,63522661.0,188411647.0
Germany,2022-11,785849.0,2531.0,36403907.0,161550.0,64855288.0,63539843.0,190644801.0
Germany,2022-12,838029.0,4188.0,37241936.0,165738.0,64864280.0,63550296.0,191587054.0
Germany,2023-01,507137.0,2985.0,37749073.0,168723.0,64870312.0,63555965.0,191969425.0
Germany,2023-02,382122.0,1999.0,38131195.0,170722.0,64872861.0,63559019.0,192116766.0
Germany,2023-03,203025.0,2278.0,38334220.0,173000.0,64876036.0,63562946.0,192209132.0
Germany,2023-04,71037.0,1406.0,38405257.0,174406.0,64876299.0,63563414.0,192221468.0
Germany,2023-05,22699.0,433.0,38427956.0,174839.0,,,
Germany,2023-06,8701.0,132.0,38436657.0,174971.0,,,
Germany,2023-07,1099.0,8.0,38437756.0,174979.0,,,
Germany,2023-08,0.0,0.0,38437756.0,174979.0,,,
Germany,2023-09,0.0,0.0,38437756.0,174979.0,,,
Germany,2023-10,0.0,0.0,38437756.0,174979.0,,,
Germany,2023-11,0.0,0.0,38437756.0,174979.0,,,
Germany,2023-12,0.0,0.0,38437756.0,174979.0,,,
Germany,2024-01,0.0,0.0,38437756.0,174979.0,,,
Germany,2024-02,0.0,0.0,38437756.0,174979.0,,,
Germany,2024-03,0.0,0.0,38437756.0,174979.0,,,
Germany,2024-04,0.0,0.0,38437756.0,174979.0,,,
Germany,2024-05,0.0,0.0,38437756.0,174979.0,,,
Germany,2024-06,0.0,0.0,38437756.0,174979.0,,,
Germany,2024-07,0.0,0.0,38437756.0,174979.0,,,
Germany,2024-08,0.0,0.0,38437756.0,174979.0,,,
India,2020-01,0.0,0.0,0.0,0.0,,,
India,2020-02,7.0,0.0,7.0,0.0,,,
India,2020-03,972.0,25.0,979.0,25.0,,,
India,2020-04,25517.0,799.0,26496.0,824.0,,,
India,2020-05,155647.0,4340.0,182143.0,5164.0,,,
India,2020-06,346716.0,10931.0,528859.0,16095.0,,,
India,2020-07,856663.0,15968.0,1385522.0,32063.0,,,
India,2020-08,2157211.0,31435.0,3542733.0,63498.0,,,
India,2020-09,2449799.0,31005.0,5992532.0,94503.0,,,
India,2020-10,1872279.0,24031.0,7864811.0,118534.0,,,
India,2020-11,1528108.0,18162.0,9392919.0,136696.0,,,
India,2020-12,794931.0,10926.0,10187850.0,147622.0,,,
India,2021-01,558333.0,6652.0,10746183.0,154274.0,3758843.0,,3758843.0
India,2021-02,350548.0,2777.0,11096731.0,157051.0,11845075.0,2456191.0,14301266.0
India,2021-03,874893.0,4501.0,11971624.0,161552.0,55783201.0,9334695.0,65117896.0
India,2021-04,4988548.0,30759.0,16960172.0,192311.0,125376952.0,26621155.0,151998107.0
India,2021-05,10934628.0,133661.0,27894800.0,325972.0,167191085.0,43258810.0,210449895.0
India,2021-06,2338383.0,69779.0,30233183.0,395751.0,271410023.0,57748116.0,329158139.0
India,2021-07,1138718.0,24800.0,31371901.0,420551.0,359820313.0,101698166.0,461518479.0
India,2021-08,1323129.0,17279.0,32695030.0,437830.0,497002083.0,147797142.0,644799225.0
India,2021-09,957715.0,9088.0,33652745.0,446918.0,648949043.0,237476249.0,886425292.0
India,2021-10,620555.0,11268.0,34273300.0,458186.0,733542729.0,329088622.0,1062631351.0
India,2021-11,299223.0,10368.0,34572523.0,468554.0,789054196.0,448000946.0,1237055142.0
India,2021-12,214279.0,11128.0,34786802.0,479682.0,845640601.0,603224821.0,1448865422.0
India,2022-01,6305720.0,14409.0,41092522.0,494091.0,943027714.0,709926447.0,1664786038.0
India,2022-02,1823595.0,19633.0,42916117.0,513724.0,965733580.0,790556254.0,1775178647.0
India,2022-03,103336.0,7280.0,43019453.0,521004.0,988846975.0,831238996.0,1841947045.0
India,2022-04,38092.0,1189.0,43057545.0,522193.0,1003162202.0,858800580.0,1888681185.0
India,2022-05,95498.0,2393.0,43153043.0,524586.0,1011329919.0,888628256.0,1933706281.0
India,2022-06,236930.0,413.0,43389973.0,524999.0,1016506282.0,914479703.0,1975334761.0
India,2022-07,629838.0,1358.0,44019811.0,526357.0,1021327183.0,932775394.0,2042774905.0
India,2022-08,388321.0,1397.0,44408132.0,527754.0,1024516127.0,942327191.0,2124186933.0
India,2022-09,159982.0,756.0,44568114.0,528510.0,1026371105.0,948371253.0,2185459294.0
India,2022-10,84152.0,506.0,44652266.0,529016.0,1026856716.0,950090439.0,2196335748.0
India,2022-11,19296.0,1596.0,44671562.0,530612.0,1027045950.0,950765492.0,2199192115.0
India,2022-12,5544.0,81.0,44677106.0,530693.0,1027200953.0,951207411.0,2200989986.0
India,2023-01,5533.0,47.0,44682639.0,530740.0,1027325954.0,951695297.0,2204868897.0
India,2023-02,3378.0,29.0,44686017.0,530769.0,1027373895.0,951881903.0,2206361497.0
India,2023-03,18130.0,62.0,44704147.0,530831.0,1027398367.0,951957326.0,2206573347.0
India,2023-04,241242.0,702.0,44945389.0,531533.0,1027404628.0,951968069.0,2206638852.0
India,2023-05,44355.0,331.0,44989744.0,531864.0,1027408186.0,951976039.0,2206683432.0
India,2023-06,4208.0,39.0,44993952.0,531903.0,1027412132.0,951978918.0,2206711105.0
India,2023-07,1636.0,13.0,44995588.0,531916.0,1027414484.0,951981701.0,2206725772.0
India,2023-08,1375.0,12.0,44996963.0,531928.0,1027416795.0,951984472.0,2206740203.0
India,2023-09,1562.0,103.0,44998525.0,532031.0,1027418124.0,951985329.0,2206744185.0
India,2023-10,2720.0,1262.0,45001245.0,533293.0,1027419253.0,951986139.0,2206747498.0
India,2023-11,519.0,5.0,45001764.0,533298.0,1027420049.0,951986909.0,2206750188.0
India,2023-12,11408.0,63.0,45013172.0,533361.0,1027420529.0,951987234.0,2206751639.0
India,2024-01,11904.0,84.0,45025076.0,533445.0,1027421784.0,951988192.0,2206758325.0
India,2024-02,3959.0,33.0,45029035.0,533478.0,1027429250.0,951988544.0,2206777956.0
India,2024-03,5325.0,74.0,45034360.0,533552.0,1027438304.0,951990034.0,2206865838.0
India,2024-04,2593.0,33.0,45036953.0,533585.0,1027438529.0,951990205.0,2206866553.0
India,2024-05,2557.0,27.0,45039510.0,533612.0,1027438651.0,951990350.0,2206867190.0
India,2024-06,1108.0,10.0,45040618.0,533622.0,1027438787.0,951990441.0,2206867624.0
India,2024-07,817.0,1.0,45041435.0,533623.0,1027438886.0,951990515.0,2206867897.0
India,2024-08,313.0,0.0,45041748.0,533623.0,1027438924.0,951990552.0,2206868000.0
Italy,2020-01,0.0,0.0,0.0,0.0,,,
Italy,2020-02,79.0,2.0,79.0,2.0,,,
Italy,2020-03,92393.0,10021.0,92472.0,10023.0,,,
Italy,2020-04,102879.0,16361.0,195351.0,26384.0,,,
Italy,2020-05,37313.0,6956.0,232664.0,33340.0,,,
Italy,2020-06,7871.0,1376.0,240535.0,34716.0,,,
Italy,2020-07,5728.0,386.0,246263.0,35102.0,,,
Italy,2020-08,20989.0,371.0,267252.0,35473.0,,,
Italy,2020-09,41251.0,345.0,308503.0,35818.0,,,
Italy,2020-10,196405.0,1392.0,504908.0,37210.0,,,
Italy,2020-11,1060023.0,17153.0,1564931.0,54363.0,,,
Italy,2020-12,474251.0,17264.0,2039182.0,71627.0,40667.0,,40667.0
Italy,2021-01,502601.0,16652.0,2541783.0,88279.0,1402265.0,644302.0,2046549.0
Italy,2021-02,366042.0,9228.0,2907825.0,97507.0,3005360.0,1436682.0,4442015.0
Italy,2021-03,604565.0,10129.0,3512390.0,107636.0,7260803.0,3267848.0,10528438.0
Italy,2021-04,437127.0,11385.0,3949517.0,119021.0,14350408.0,6049677.0,20334184.0
Italy,2021-05,263538.0,6981.0,4213055.0,126002.0,23852238.0,12270865.0,35461311.0
Italy,2021-06,44234.0,1456.0,4257289.0,127458.0,34487509.0,18947113.0,52191122.0
Italy,2021-07,55384.0,484.0,4312673.0,127942.0,38640985.0,31642646.0,68918460.0
Italy,2021-08,211619.0,1114.0,4524292.0,129056.0,42819383.0,36765312.0,78133143.0
Italy,2021-09,132923.0,1597.0,4657215.0,130653.0,45380153.0,41036087.0,85043025.0
Italy,2021-10,110225.0,1421.0,4767440.0,132074.0,46759208.0,43101932.0,90073352.0
Italy,2021-11,227451.0,1553.0,4994891.0,133627.0,47361547.0,44054236.0,96739702.0
Italy,2021-12,627540.0,2903.0,5622431.0,136530.0,48486482.0,44709912.0,111400252.0
Italy,2022-01,5198944.0,9384.0,10821375.0,145914.0,50293143.0,46071120.0,128454068.0
Italy,2022-02,1911305.0,8502.0,12732680.0,154416.0,50717107.0,47436768.0,134204348.0
Italy,2022-03,1571431.0,4284.0,14304111.0,158700.0,50816906.0,47780183.0,136007970.0
Italy,2022-04,1775098.0,3909.0,16079209.0,162609.0,50848686.0,47856416.0,136904313.0
Italy,2022-05,1294532.0,3933.0,17373741.0,166542.0,50868931.0,47884006.0,137891607.0
Italy,2022-06,811176.0,1516.0,18184917.0,168058.0,50882174.0,47898746.0,138385623.0
Italy,2022-07,2817856.0,3945.0,21002773.0,172003.0,50896262.0,47910663.0,139715452.0
Italy,2022-08,786089.0,3303.0,21788862.0,175306.0,50905884.0,47919696.0,140450197.0
Italy,2022-09,495950.0,1561.0,22284812.0,176867.0,50913522.0,47926572.0,140896187.0
Italy,2022-10,1246211.0,2234.0,23531023.0,179101.0,50920014.0,47932044.0,142199651.0
Italy,2022-11,796641.0,2170.0,24327664.0,181271.0,50925205.0,47936474.0,143322451.0
Italy,2022-12,732839.0,2897.0,25060503.0,184168.0,50928933.0,47939988.0,144048328.0
Italy,2023-01,404297.0,2736.0,25464800.0,186904.0,50932342.0,47942337.0,144439112.0
Italy,2023-02,120360.0,1270.0,25585160.0,188174.0,50933948.0,47944159.0,144540116.0
Italy,2023-03,94988.0,800.0,25680148.0,188974.0,50935107.0,47945368.0,144579659.0
Italy,2023-04,115361.0,812.0,25795509.0,189786.0,50935703.0,47946019.0,144592112.0
Italy,2023-05,66303.0,654.0,25861812.0,190440.0,50936157.0,47946540.0,144601007.0
Italy,2023-06,32706.0,380.0,25894518.0,190820.0,50936361.0,47946863.0,144604658.0
Italy,2023-07,19324.0,199.0,25913842.0,191019.0,50936475.0,47946938.0,144605814.0
Italy,2023-08,33062.0,218.0,25946904.0,191237.0,50936620.0,47947008.0,144606652.0
Italy,2023-09,114094.0,413.0,26060998.0,191650.0,50936678.0,47947081.0,144607832.0
Italy,2023-10,181994.0,829.0,26242992.0,192479.0,50936703.0,47947093.0,144608324.0
Italy,2023-11,147915.0,980.0,26390907.0,193459.0,50936719.0,47947097.0,144608839.0
Italy,2023-12,270712.0,2121.0,26661619.0,195580.0,,,
Italy,2024-01,45218.0,1027.0,26706837.0,196607.0,,,
Italy,2024-02,8628.0,281.0,26715465.0,196888.0,,,
Italy,2024-03,3554.0,109.0,26719019.0,196997.0,,,
Italy,2024-04,2181.0,40.0,26721200.0,197037.0,,,
Italy,2024-05,3211.0,41.0,26724411.0,197078.0,,,
Italy,2024-06,10546.0,81.0,26734957.0,197159.0,,,
Italy,2024-07,39771.0,142.0,26774728.0,197301.0,,,
Italy,2024-08,6350.0,6.0,26781078.0,197307.0,,,
Japan,2020-01,3.0,0.0,3.0,0.0,,,
Japan,2020-02,129.0,1.0,132.0,1.0,,,
Japan,2020-03,1561.0,51.0,1693.0,52.0,,,
Japan,2020-04,11489.0,296.0,13182.0,348.0,,,
Japan,2020-05,3669.0,543.0,16851.0,891.0,,,
Japan,2020-06,1539.0,80.0,18390.0,971.0,,,
Japan,2020-07,10992.0,25.0,29382.0,996.0,,,
Japan,2020-08,37882.0,268.0,67264.0,1264.0,,,
Japan,2020-09,14426.0,281.0,81690.0,1545.0,,,
Japan,2020-10,14844.0,166.0,96534.0,1711.0,,,
Japan,2020-11,48119.0,395.0,144653.0,2106.0,,,
Japan,2020-12,72659.0,1107.0,217312.0,3213.0,,,
Japan,2021-01,172206.0,2441.0,389518.0,5654.0,,,
Japan,2021-02,43255.0,2206.0,432773.0,7860.0,28530.0,,28530.0
Japan,2021-03,35841.0,1171.0,468614.0,9031.0,877159.0,125580.0,1002739.0
Japan,2021-04,98249.0,882.0,566863.0,9913.0,3228304.0,1042998.0,4271302.0
Japan,2021-05,177624.0,3054.0,744487.0,12967.0,12752937.0,4080676.0,16833613.0
Japan,2021-06,51269.0,1702.0,795756.0,14669.0,34975112.0,18338048.0,53313160.0
Japan,2021-07,74689.0,460.0,870445.0,15129.0,58261038.0,41354724.0,99615762.0
Japan,2021-08,583919.0,817.0,1454364.0,15946.0,75193352.0,61416788.0,136610140.0
Japan,2021-09,240311.0,1536.0,1694675.0,17482.0,91428256.0,78441620.0,169869876.0
Japan,2021-10,28189.0,786.0,1722864.0,18268.0,99609069.0,93853277.0,193462346.0
Japan,2021-11,4279.0,90.0,1727143.0,18358.0,100808589.0,98849160.0,199657749.0
Japan,2021-12,4646.0,29.0,1731789.0,18387.0,101215832.0,99712082.0,201971478.0
Japan,2022-01,937849.0,377.0,2669638.0,18764.0,101569375.0,100048776.0,207982584.0
Japan,2022-02,2284982.0,4506.0,4954620.0,23270.0,101869746.0,100399388.0,231952516.0
Japan,2022-03,1423099.0,4497.0,6377719.0,27767.0,102659096.0,100740090.0,258633834.0
Japan,2022-04,1282293.0,1541.0,7660012.0,29308.0,103299431.0,101608799.0,273925876.0
Japan,2022-05,1151602.0,1250.0,8811614.0,30558.0,103624423.0,102091056.0,281316725.0
Japan,2022-06,441772.0,581.0,9253386.0,31139.0,103793685.0,102380665.0,285281251.0
Japan,2022-07,3299624.0,1555.0,12553010.0,32694.0,103969754.0,102540995.0,300315136.0
Japan,2022-08,5627415.0,6559.0,18180425.0,39253.0,104157082.0,102737362.0,317700754.0
Japan,2022-09,2843389.0,5210.0,21023814.0,44463.0,104251465.0,102890775.0,325473375.0
Japan,2022-10,1249437.0,2248.0,22273251.0,46711.0,104303725.0,102953265.0,333003925.0
Japan,2022-11,2197306.0,2723.0,24470557.0,49434.0,104423858.0,103011906.0,352044212.0
Japan,2022-12,3795848.0,6379.0,28266405.0,55813.0,104558118.0,103154352.0,373165262.0
Japan,2023-01,4153227.0,2683.0,32419632.0,58496.0,104638379.0,103262800.0,380179620.0
Japan,2023-02,752935.0,13772.0,33172567.0,72268.0,104674377.0,103328682.0,382434720.0
Japan,2023-03,242894.0,1479.0,33415461.0,73747.0,104695175.0,103367657.0,383419107.0
Japan,2023-04,298556.0,795.0,33714017.0,74542.0,104704532.0,103379476.0,383724199.0
Japan,2023-05,89555.0,152.0,33803572.0,74694.0,104705133.0,103380343.0,383747738.0
Japan,2023-06,0.0,0.0,33803572.0,74694.0,,,
Japan,2023-07,0.0,0.0,33803572.0,74694.0,,,
Japan,2023-08,0.0,0.0,33803572.0,74694.0,,,
Japan,2023-09,0.0,0.0,33803572.0,74694.0,,,
Japan,2023-10,0.0,0.0,33803572.0,74694.0,,,
Japan,2023-11,0.0,0.0,33803572.0,74694.0,,,
Japan,2023-12,0.0,0.0,33803572.0,74694.0,,,
Japan,2024-01,0.0,0.0,33803572.0,74694.0,,,
Japan,2024-02,0.0,0.0,33803572.0,74694.0,,,
Japan,2024-03,0.0,0.0,33803572.0,74694.0,,,
Japan,2024-04,0.0,0.0,33803572.0,74694.0,,,
Japan,2024-05,0.0,0.0,33803572.0,74694.0,,,
Japan,2024-06,0.0,0.0,33803572.0,74694.0,,,
Japan,2024-07,0.0,0.0,33803572.0,74694.0,,,
Japan,2024-08,0.0,0.0,33803572.0,74694.0,,,
Russia,2020-01,0.0,0.0,0.0,0.0,,,
Russia,2020-02,2.0,0.0,2.0,0.0,,,
Russia,2020-03,1532.0,8.0,1534.0,8.0,,,
Russia,2020-04,79415.0,739.0,80949.0,747.0,,,
Russia,2020-05,324894.0,3946.0,405843.0,4693.0,,,
Russia,2020-06,228594.0,4380.0,634437.0,9073.0,,,
Russia,2020-07,178048.0,4196.0,812485.0,13269.0,,,
Russia,2020-08,177841.0,3824.0,990326.0,17093.0,,,
Russia,2020-09,161112.0,3231.0,1151438.0,20324.0,,,
Russia,2020-10,362439.0,5726.0,1513877.0,26050.0,,,
Russia,2020-11,755439.0,13477.0,2269316.0,39527.0,,,
Russia,2020-12,780932.0,15251.0,3050248.0,54778.0,52000.0,,52000.0
Russia,2021-01,800191.0,18404.0,3850439.0,73182.0,1000000.0,,1000000.0
Russia,2021-02,395640.0,12940.0,4246079.0,86122.0,,,
Russia,2021-03,273753.0,11618.0,4519832.0,97740.0,7004336.0,4369236.0,11373572.0
Russia,2021-04,242737.0,10492.0,4762569.0,108232.0,12299770.0,7534622.0,19834392.0
Russia,2021-05,300873.0,12930.0,5063442.0,121162.0,16576370.0,11925267.0,28501637.0
Russia,2021-06,387849.0,12120.0,5451291.0,133282.0,22691596.0,17336348.0,40027944.0
Russia,2021-07,675250.0,20592.0,6126541.0,153874.0,36621627.0,25280451.0,61902078.0
Russia,2021-08,756286.0,27763.0,6882827.0,181637.0,43771190.0,36473336.0,80244526.0
Russia,2021-09,538086.0,22263.0,7420913.0,203900.0,48079685.0,42218738.0,90298423.0
Russia,2021-10,1092877.0,34638.0,8513790.0,238538.0,55463950.0,47601622.0,104464268.0
Russia,2021-11,1056583.0,34217.0,9570373.0,272755.0,66738623.0,56681192.0,126818133.0
Russia,2021-12,821647.0,31463.0,10392020.0,304218.0,73824201.0,66773441.0,146364014.0
Russia,2022-01,1344987.0,26510.0,11737007.0,330728.0,76585311.0,69815128.0,154374065.0
Russia,2022-02,4554109.0,20199.0,16291116.0,350927.0,78284278.0,71601909.0,160816996.0
Russia,2022-03,1471626.0,16424.0,17762742.0,367351.0,79920509.0,72847646.0,163623016.0
Russia,2022-04,374395.0,7551.0,18137137.0,374902.0,80862100.0,73576259.0,166388061.0
Russia,2022-05,186899.0,4053.0,18324036.0,378955.0,81042991.0,73960224.0,167125605.0
Russia,2022-06,94845.0,1937.0,18418881.0,380892.0,81792489.0,74673362.0,168942751.0
Russia,2022-07,182838.0,1541.0,18601719.0,382433.0,82246152.0,75041866.0,170307823.0
Russia,2022-08,804204.0,1650.0,19405923.0,384083.0,83876503.0,76357386.0,174883953.0
Russia,2022-09,1386998.0,2674.0,20792921.0,386757.0,85094650.0,76879530.0,178107276.0
Russia,2022-10,630804.0,3347.0,21423725.0,390104.0,85859068.0,77439470.0,180354300.0
Russia,2022-11,151039.0,1736.0,21574764.0,391840.0,87096991.0,78057291.0,181894298.0
Russia,2022-12,189528.0,1543.0,21764292.0,393383.0,87669148.0,78929790.0,183889038.0
Russia,2023-01,174129.0,1601.0,21938421.0,394984.0,87919862.0,79066362.0,184434902.0
Russia,2023-02,314716.0,1051.0,22253137.0,396035.0,88341484.0,79537850.0,185672750.0
Russia,2023-03,333073.0,1043.0,22586210.0,397078.0,88786250.0,79699134.0,186575672.0
Russia,2023-04,264999.0,1227.0,22851209.0,398305.0,88795533.0,79700941.0,186640698.0
Russia,2023-05,66664.0,614.0,22917873.0,398919.0,88811982.0,79702396.0,186692479.0
Russia,2023-06,35536.0,517.0,22953409.0,399436.0,,,
Russia,2023-07,20880.0,378.0,22974289.0,399814.0,88819982.0,79702396.0,186700479.0
Russia,2023-08,12239.0,158.0,22986528.0,399972.0,,,
Russia,2023-09,28441.0,51.0,23014969.0,400023.0,89081596.0,79702396.0,187374508.0
Russia,2023-10,83765.0,172.0,23098734.0,400195.0,,,
Russia,2023-11,210833.0,322.0,23309567.0,400517.0,,,
Russia,2023-12,436985.0,842.0,23746552.0,401359.0,,,
Russia,2024-01,103203.0,525.0,23849755.0,401884.0,,,
Russia,2024-02,108031.0,278.0,23957786.0,402162.0,,,
Russia,2024-03,120492.0,358.0,24078278.0,402520.0,,,
Russia,2024-04,69311.0,254.0,24147589.0,402774.0,,,
Russia,2024-05,45662.0,152.0,24193251.0,402926.0,,,
Russia,2024-06,44926.0,165.0,24238177.0,403091.0,,,
Russia,2024-07,22774.0,87.0,24260951.0,403178.0,,,
Russia,2024-08,7777.0,10.0,24268728.0,403188.0,,,
Spain,2020-01,3.0,0.0,3.0,0.0,,,
Spain,2020-02,16.0,1.0,19.0,1.0,,,
Spain,2020-03,108845.0,8576.0,108864.0,8577.0,,,
Spain,2020-04,110812.0,16569.0,219676.0,25146.0,,,
Spain,2020-05,27333.0,4022.0,247009.0,29168.0,,,
Spain,2020-06,9951.0,570.0,256960.0,29738.0,,,
Spain,2020-07,32414.0,149.0,289374.0,29887.0,,,
Spain,2020-08,201887.0,1143.0,491261.0,31030.0,,,
Spain,2020-09,292855.0,2897.0,784116.0,33927.0,,,
Spain,2020-10,369369.0,4331.0,1153485.0,38258.0,,,
Spain,2020-11,530112.0,10502.0,1683597.0,48760.0,,,
Spain,2020-12,235952.0,5204.0,1919549.0,53964.0,,,
Spain,2021-01,940339.0,12415.0,2859888.0,66379.0,1251369.0,357892.0,1609261.0
Spain,2021-02,295578.0,8781.0,3155466.0,75160.0,2567617.0,1261848.0,3829465.0
Spain,2021-03,143146.0,2769.0,3298612.0,77929.0,5314076.0,2721084.0,8035160.0
Spain,2021-04,220390.0,2199.0,3519002.0,80128.0,11763360.0,4689766.0,16364595.0
Spain,2021-05,192596.0,1718.0,3711598.0,81846.0,18178604.0,9405245.0,27119733.0
Spain,2021-06,106007.0,597.0,3817605.0,82443.0,25627278.0,17990526.0,42027584.0
Spain,2021-07,576564.0,737.0,4394169.0,83180.0,31851618.0,26933847.0,56186601.0
Spain,2021-08,487804.0,3423.0,4881973.0,86603.0,36533328.0,33376693.0,66130220.0
Spain,2021-09,89528.0,1630.0,4971501.0,88233.0,37702384.0,36667138.0,70153507.0
Spain,2021-10,58785.0,701.0,5030286.0,88934.0,38037531.0,37317388.0,72058020.0
Spain,2021-11,141298.0,606.0,5171584.0,89540.0,38356928.0,37624032.0,76680144.0
Spain,2021-12,928554.0,1735.0,6100138.0,91275.0,39664717.0,37869504.0,83529796.0
Spain,2022-01,4115500.0,6502.0,10215638.0,97777.0,40918884.0,38295449.0,90272896.0
Spain,2022-02,905567.0,4711.0,11121205.0,102488.0,41073324.0,39039472.0,92633158.0
Spain,2022-03,463979.0,1656.0,11585184.0,104144.0,41153657.0,40240841.0,94004482.0
Spain,2022-04,315791.0,1453.0,11900975.0,105597.0,41200263.0,40414329.0,94404832.0
Spain,2022-05,541883.0,2449.0,12442858.0,108046.0,41231916.0,40496678.0,94734966.0
Spain,2022-06,382408.0,1891.0,12825266.0,109937.0,41259173.0,40562786.0,95153556.0
Spain,2022-07,520841.0,4346.0,13346107.0,114283.0,41277964.0,40606091.0,95491074.0
Spain,2022-08,90293.0,1739.0,13436400.0,116022.0,41292888.0,40633204.0,95676798.0
Spain,2022-09,60794.0,695.0,13497194.0,116717.0,41307428.0,40652734.0,95783126.0
Spain,2022-10,104086.0,768.0,13601280.0,117485.0,41314306.0,40662089.0,98948747.0
Spain,2022-11,80756.0,627.0,13682036.0,118112.0,41324255.0,40677172.0,102574756.0
Spain,2022-12,72926.0,831.0,13754962.0,118943.0,41333243.0,40719958.0,104186558.0
Spain,2023-01,52713.0,923.0,13807675.0,119866.0,41338847.0,40726228.0,105094800.0
Spain,2023-02,24279.0,395.0,13831954.0,120261.0,41343396.0,40730568.0,105522606.0
Spain,2023-03,29850.0,397.0,13861804.0,120658.0,41347499.0,40735254.0,105733320.0
Spain,2023-04,46907.0,490.0,13908711.0,121148.0,41349325.0,40737245.0,105799888.0
Spain,2023-05,44150.0,399.0,13952861.0,121547.0,41351234.0,40739123.0,105840320.0
Spain,2023-06,25715.0,294.0,13978576.0,121841.0,,,
Spain,2023-07,1764.0,11.0,13980340.0,121852.0,,,
Spain,2023-08,0.0,0.0,13980340.0,121852.0,,,
Spain,2023-09,0.0,0.0,13980340.0,121852.0,,,
Spain,2023-10,0.0,0.0,13980340.0,121852.0,,,
Spain,2023-11,0.0,0.0,13980340.0,121852.0,,,
Spain,2023-12,0.0,0.0,13980340.0,121852.0,,,
Spain,2024-01,0.0,0.0,13980340.0,121852.0,,,
Spain,2024-02,0.0,0.0,13980340.0,121852.0,,,
Spain,2024-03,0.0,0.0,13980340.0,121852.0,,,
Spain,2024-04,0.0,0.0,13980340.0,121852.0,,,
Spain,2024-05,0.0,0.0,13980340.0,121852.0,,,
Spain,2024-06,0.0,0.0,13980340.0,121852.0,,,
Spain,2024-07,0.0,0.0,13980340.0,121852.0,,,
Spain,2024-08,0.0,0.0,13980340.0,121852.0,,,
Turkey,2020-01,0.0,0.0,0.0,0.0,,,
Turkey,2020-02,0.0,0.0,0.0,0.0,,,
Turkey,2020-03,7402.0,108.0,7402.0,108.0,,,
Turkey,2020-04,100371.0,2598.0,107773.0,2706.0,,,
Turkey,2020-05,55330.0,1809.0,163103.0,4515.0,,,
Turkey,2020-06,32780.0,567.0,195883.0,5082.0,,,
Turkey,2020-07,29290.0,514.0,225173.0,5596.0,,,
Turkey,2020-08,263981.0,688.0,489154.0,6284.0,,,
Turkey,2020-09,234342.0,1645.0,723496.0,7929.0,,,
Turkey,2020-10,235258.0,1798.0,958754.0,9727.0,,,
Turkey,2020-11,412394.0,3646.0,1371148.0,13373.0,,,
Turkey,2020-12,762225.0,6251.0,2133373.0,19624.0,,,
Turkey,2021-01,337528.0,6241.0,2470901.0,25865.0,,,1986237.0
Turkey,2021-02,222263.0,2638.0,2693164.0,28503.0,6869923.0,1677952.0,8547875.0
Turkey,2021-03,485951.0,2420.0,3179115.0,30923.0,8994454.0,6840333.0,15834787.0
Turkey,2021-04,1412301.0,7088.0,4591416.0,38011.0,13712254.0,9104637.0,22816891.0
Turkey,2021-05,644562.0,9260.0,5235978.0,47271.0,16628831.0,12542712.0,29171543.0
Turkey,2021-06,168166.0,2253.0,5404144.0,49524.0,35091645.0,15217656.0,50608142.0
Turkey,2021-07,183234.0,1342.0,5587378.0,50866.0,41012715.0,27355633.0,73272667.0
Turkey,2021-08,742171.0,4892.0,6329549.0,55758.0,48271065.0,37089601.0,94167554.0
Turkey,2021-09,684090.0,7032.0,7013639.0,62790.0,53840659.0,44498344.0,109495613.0
Turkey,2021-10,995401.0,7462.0,8009040.0,70252.0,55392343.0,48655853.0,116280951.0
Turkey,2021-11,715360.0,5834.0,8724400.0,76086.0,56261687.0,50458355.0,120390651.0
Turkey,2021-12,562586.0,5217.0,9286986.0,81303.0,56914268.0,51604894.0,131646005.0
Turkey,2022-01,2151490.0,5613.0,11438476.0,86916.0,57422636.0,52399906.0,141981790.0
Turkey,2022-02,2536913.0,6934.0,13975389.0,93850.0,57682903.0,52809698.0,145631632.0
Turkey,2022-03,814094.0,3861.0,14789483.0,97711.0,57781315.0,52977660.0,146995383.0
Turkey,2022-04,226787.0,994.0,15016270.0,98705.0,57818874.0,53034655.0,147498664.0
Turkey,2022-05,53730.0,281.0,15070000.0,98986.0,57843685.0,53067556.0,147734958.0
Turkey,2022-06,52466.0,69.0,15122466.0,99055.0,57858728.0,53088281.0,147828801.0
Turkey,2022-07,1172485.0,648.0,16294951.0,99703.0,57885216.0,53115583.0,150530369.0
Turkey,2022-08,501935.0,1156.0,16796886.0,100859.0,57914125.0,53145838.0,152010807.0
Turkey,2022-09,98772.0,341.0,16895658.0,101200.0,57928376.0,53162154.0,152315295.0
Turkey,2022-10,80212.0,154.0,16975870.0,101354.0,57936443.0,53171374.0,152469836.0
Turkey,2022-11,28807.0,65.0,17004677.0,101419.0,57941051.0,53176961.0,152543341.0
Turkey,2022-12,0.0,0.0,17004677.0,101419.0,,,
Turkey,2023-01,0.0,0.0,17004677.0,101419.0,,,
Turkey,2023-02,0.0,0.0,17004677.0,101419.0,,,
Turkey,2023-03,0.0,0.0,17004677.0,101419.0,,,
Turkey,2023-04,0.0,0.0,17004677.0,101419.0,,,
Turkey,2023-05,0.0,0.0,17004677.0,101419.0,,,
Turkey,2023-06,0.0,0.0,17004677.0,101419.0,,,
Turkey,2023-07,0.0,0.0,17004677.0,101419.0,,,
Turkey,2023-08,0.0,0.0,17004677.0,101419.0,,,
Turkey,2023-09,0.0,0.0,17004677.0,101419.0,,,
Turkey,2023-10,0.0,0.0,17004677.0,101419.0,,,
Turkey,2023-11,6.0,0.0,17004683.0,101419.0,,,
Turkey,2023-12,7.0,0.0,17004690.0,101419.0,,,
Turkey,2024-01,12.0,0.0,17004702.0,101419.0,,,
Turkey,2024-02,8.0,0.0,17004710.0,101419.0,,,
Turkey,2024-03,4.0,0.0,17004714.0,101419.0,,,
Turkey,2024-04,0.0,0.0,17004714.0,101419.0,,,
Turkey,2024-05,3.0,0.0,17004717.0,101419.0,,,
Turkey,2024-06,0.0,0.0,17004717.0,101419.0,,,
Turkey,2024-07,1.0,0.0,17004718.0,101419.0,,,
Turkey,2024-08,0.0,0.0,17004718.0,101419.0,,,
United Kingdom,2020-01,0.0,0.0,0.0,0.0,,,
United Kingdom,2020-02,35.0,2.0,35.0,2.0,,,
United Kingdom,2020-03,23746.0,2487.0,23781.0,2489.0,0.0,0.0,0.0
United Kingdom,2020-04,125923.0,31371.0,149704.0,33860.0,0.0,0.0,0.0
United Kingdom,2020-05,104516.0,18143.0,254220.0,52003.0,0.0,0.0,0.0
United Kingdom,2020-06,28098.0,3831.0,282318.0,55834.0,0.0,0.0,0.0
United Kingdom,2020-07,17867.0,1268.0,300185.0,57102.0,0.0,0.0,0.0
United Kingdom,2020-08,36321.0,684.0,336506.0,57786.0,0.0,0.0,0.0
United Kingdom,2020-09,108400.0,658.0,444906.0,58444.0,0.0,0.0,0.0
United Kingdom,2020-10,456263.0,3365.0,901169.0,61809.0,0.0,0.0,0.0
United Kingdom,2020-11,738805.0,14319.0,1639974.0,76128.0,0.0,0.0,0.0
United Kingdom,2020-12,704459.0,14347.0,2344433.0,90475.0,0.0,0.0,0.0
United Kingdom,2021-01,1536291.0,38945.0,3880724.0,129420.0,9296367.0,494209.0,9790576.0
United Kingdom,2021-02,366566.0,18223.0,4247290.0,147643.0,20275451.0,815816.0,21091267.0
United Kingdom,2021-03,157973.0,4568.0,4405263.0,152211.0,31147444.0,4513458.0,35660902.0
United Kingdom,2021-04,81511.0,1265.0,4486774.0,153476.0,34362205.0,14957313.0,49319518.0
United Kingdom,2021-05,84316.0,544.0,4571090.0,154020.0,39477158.0,25734719.0,65211877.0
United Kingdom,2021-06,258295.0,404.0,4829385.0,154424.0,44860978.0,33048199.0,77909177.0
United Kingdom,2021-07,981431.0,1264.0,5810816.0,155688.0,46816382.0,38322171.0,85138553.0
United Kingdom,2021-08,1062571.0,3464.0,6873387.0,159152.0,48087908.0,42909987.0,90997895.0
United Kingdom,2021-09,949736.0,4130.0,7823123.0,163282.0,48863490.0,44901832.0,94633524.0
United Kingdom,2021-10,1409681.0,4949.0,9232804.0,168231.0,49987325.0,45712351.0,103814905.0
United Kingdom,2021-11,1113975.0,4316.0,10346779.0,172547.0,50994257.0,46399306.0,116001687.0
United Kingdom,2021-12,2228000.0,3612.0,12574779.0,176159.0,51786768.0,47434251.0,133312817.0
United Kingdom,2022-01,4779759.0,7125.0,17354538.0,183284.0,52360487.0,48440773.0,138143343.0
United Kingdom,2022-02,1576423.0,4153.0,18930961.0,187437.0,52634448.0,49014524.0,139884311.0
United Kingdom,2022-03,1902349.0,3701.0,20833310.0,191138.0,52803478.0,49440582.0,142226665.0
United Kingdom,2022-04,1134325.0,5175.0,21967635.0,196313.0,53230188.0,49756334.0,146177909.0
United Kingdom,2022-05,322605.0,2995.0,22290240.0,199308.0,53486907.0,50003659.0,148549749.0
United Kingdom,2022-06,345518.0,1203.0,22635758.0,200511.0,53614409.0,50189173.0,149760288.0
United Kingdom,2022-07,707226.0,3984.0,23342984.0,204495.0,53723887.0,50526813.0,150693815.0
United Kingdom,2022-08,167416.0,2240.0,23510400.0,206735.0,53800393.0,50727968.0,151206358.0
United Kingdom,2022-09,132675.0,1332.0,23643075.0,208067.0,53813491.0,50762968.0,151271281.0
United Kingdom,2022-10,272291.0,3288.0,23915366.0,211355.0,49345835.0,46623836.0,152409417.0
United Kingdom,2022-11,96870.0,1881.0,24012236.0,213236.0,47950767.0,46686098.0,156459106.0
United Kingdom,2022-12,146801.0,2109.0,24159037.0,215345.0,47972298.0,46717802.0,157349789.0
United Kingdom,2023-01,125204.0,3947.0,24284241.0,219292.0,49420834.0,46753007.0,157716331.0
United Kingdom,2023-02,100214.0,1982.0,24384455.0,221274.0,49432228.0,46777222.0,157881171.0
United Kingdom,2023-03,121646.0,2699.0,24506101.0,223973.0,49439219.0,46788138.0,157907863.0
United Kingdom,2023-04,81298.0,2772.0,24587399.0,226745.0,46847428.0,44311760.0,151064982.0
United Kingdom,2023-05,34333.0,1187.0,24621732.0,227932.0,46847767.0,44312008.0,153286598.0
United Kingdom,2023-06,16580.0,672.0,24638312.0,228604.0,46847770.0,44312049.0,153994049.0
United Kingdom,2023-07,16058.0,392.0,24654370.0,228996.0,46847778.0,44312065.0,153998590.0
United Kingdom,2023-08,31624.0,678.0,24685994.0,229674.0,0.0,0.0,0.0
United Kingdom,2023-09,50239.0,1053.0,24736233.0,230727.0,0.0,0.0,0.0
United Kingdom,2023-10,64361.0,1385.0,24800594.0,232112.0,0.0,0.0,0.0
United Kingdom,2023-11,21417.0,0.0,24822011.0,232112.0,0.0,0.0,0.0
United Kingdom,2023-12,43248.0,0.0,24865259.0,232112.0,0.0,0.0,0.0
United Kingdom,2024-01,28733.0,0.0,24893992.0,232112.0,,,
United Kingdom,2024-02,14075.0,0.0,24908067.0,232112.0,,,
United Kingdom,2024-03,7848.0,0.0,24915915.0,232112.0,,,
United Kingdom,2024-04,6732.0,0.0,24922647.0,232112.0,,,
United Kingdom,2024-05,10675.0,0.0,24933322.0,232112.0,,,
United Kingdom,2024-06,18817.0,0.0,24952139.0,232112.0,,,
United Kingdom,2024-07,19090.0,0.0,24971229.0,232112.0,,,
United Kingdom,2024-08,3400.0,0.0,24974629.0,232112.0,,,
United States,2020-01,7.0,0.0,7.0,0.0,,,
United States,2020-02,33.0,0.0,40.0,0.0,,,
United States,2020-03,126269.0,2106.0,126309.0,2106.0,,,
United States,2020-04,796638.0,51328.0,922947.0,53434.0,,,
United States,2020-05,862475.0,51891.0,1785422.0,105325.0,,,
United States,2020-06,739955.0,21893.0,2525377.0,127218.0,,,
United States,2020-07,1668539.0,24372.0,4193916.0,151590.0,,,
United States,2020-08,1780555.0,36369.0,5974471.0,187959.0,,,
United States,2020-09,1126625.0,20634.0,7101096.0,208593.0,,,
United States,2020-10,1469669.0,19826.0,8570765.0,228419.0,,,
United States,2020-11,4692217.0,44787.0,13262982.0,273206.0,,,
United States,2020-12,5627464.0,69714.0,18890446.0,342920.0,5570284.0,47241.0,5716312.0
United States,2021-01,6972587.0,109203.0,25863033.0,452123.0,29904700.0,7439022.0,38066296.0
United States,2021-02,2467058.0,67730.0,28330091.0,519853.0,56236747.0,30163870.0,88232689.0
United States,2021-03,1602108.0,31380.0,29932199.0,551233.0,108836606.0,64852669.0,172494725.0
United States,2021-04,1779222.0,19851.0,31711421.0,571084.0,153123692.0,115074274.0,263209607.0
United States,2021-05,1193501.0,20075.0,32904922.0,591159.0,173638666.0,147117126.0,313997712.0
United States,2021-06,366941.0,9162.0,33271863.0,600321.0,183541437.0,163820348.0,339517243.0
United States,2021-07,965153.0,7241.0,34237016.0,607562.0,193250303.0,171307489.0,356038132.0
United States,2021-08,4291462.0,31255.0,38528478.0,638817.0,206865219.0,181157998.0,380429513.0
United States,2021-09,4056569.0,50768.0,42585047.0,689585.0,215414801.0,191115499.0,403204153.0
United States,2021-10,3054638.0,55144.0,45639685.0,744729.0,222040977.0,197453679.0,432682634.0
United States,2021-11,2336661.0,30902.0,47976346.0,775631.0,233810596.0,202533633.0,475161508.0
United States,2021-12,3902514.0,36956.0,51878860.0,812587.0,244104717.0,210360591.0,521797692.0
United States,2022-01,21878018.0,69953.0,73756878.0,882540.0,251400429.0,215215443.0,550509505.0
United States,2022-02,4577250.0,64622.0,78334128.0,947162.0,254178133.0,218330536.0,561731241.0
United States,2022-03,969050.0,26520.0,79303178.0,973682.0,255767644.0,219898973.0,568312182.0
United States,2022-04,944316.0,13205.0,80247494.0,986887.0,257354554.0,221433810.0,581969320.0
United States,2022-05,2924377.0,11559.0,83171871.0,998446.0,258666941.0,222623670.0,592549109.0
United States,2022-06,2798564.0,8966.0,85970435.0,1007412.0,260045532.0,223512235.0,600209859.0
United States,2022-07,4262448.0,14181.0,90232883.0,1021593.0,261697671.0,224439379.0,607987438.0
United States,2022-08,2744923.0,13155.0,92977806.0,1034748.0,262965429.0,225287976.0,613288488.0
United States,2022-09,1805498.0,11319.0,94783304.0,1046067.0,264446649.0,226506045.0,626922109.0
United States,2022-10,1391988.0,13852.0,96175292.0,1059919.0,266240868.0,227924209.0,646384492.0
United States,2022-11,1125356.0,9574.0,97300648.0,1069493.0,267569384.0,228900198.0,658889454.0
United States,2022-12,1718845.0,10483.0,99019493.0,1079976.0,268541239.0,229580638.0,666952241.0
United States,2023-01,1914901.0,17058.0,100934394.0,1097034.0,269179403.0,230004242.0,671113219.0
United States,2023-02,1085170.0,12111.0,102019564.0,1109145.0,269539415.0,230241646.0,673038761.0
United States,2023-03,678002.0,7909.0,102697566.0,1117054.0,269884517.0,230457960.0,674674587.0
United States,2023-04,568838.0,7009.0,103266404.0,1124063.0,270148532.0,230601588.0,676107562.0
United States,2023-05,170425.0,4591.0,103436829.0,1128654.0,270227181.0,230637348.0,676728782.0
United States,2023-06,0.0,2527.0,103436829.0,1131181.0,,,
United States,2023-07,0.0,2640.0,103436829.0,1133821.0,,,
United States,2023-08,0.0,3419.0,103436829.0,1137240.0,,,
United States,2023-09,0.0,5334.0,103436829.0,1142574.0,,,
United States,2023-10,0.0,6860.0,103436829.0,1149434.0,,,
United States,2023-11,0.0,5497.0,103436829.0,1154931.0,,,
United States,2023-12,0.0,9545.0,103436829.0,1164476.0,,,
United States,2024-01,0.0,9582.0,103436829.0,1174058.0,,,
United States,2024-02,0.0,6068.0,103436829.0,1180126.0,,,
United States,2024-03,0.0,4983.0,103436829.0,1185109.0,,,
United States,2024-04,0.0,2112.0,103436829.0,1187221.0,,,
United States,2024-05,0.0,1426.0,103436829.0,1188647.0,,,
United States,2024-06,0.0,1794.0,103436829.0,1190441.0,,,
United States,2024-07,0.0,2105.0,103436829.0,1192546.0,,,
United States,2024-08,0.0,619.0,103436829.0,1193165.0,,,
Vietnam,2020-01,2.0,0.0,2.0,0.0,,,
Vietnam,2020-02,14.0,0.0,16.0,0.0,,,
Vietnam,2020-03,158.0,0.0,174.0,0.0,,,
Vietnam,2020-04,96.0,0.0,270.0,0.0,,,
Vietnam,2020-05,58.0,0.0,328.0,0.0,,,
Vietnam,2020-06,27.0,0.0,355.0,0.0,,,
Vietnam,2020-07,63.0,0.0,418.0,0.0,,,
Vietnam,2020-08,622.0,32.0,1040.0,32.0,,,
Vietnam,2020-09,29.0,3.0,1069.0,35.0,,,
Vietnam,2020-10,91.0,0.0,1160.0,35.0,,,
Vietnam,2020-11,181.0,0.0,1341.0,35.0,,,
Vietnam,2020-12,99.0,0.0,1440.0,35.0,,,
Vietnam,2021-01,379.0,0.0,1819.0,35.0,,,
Vietnam,2021-02,629.0,0.0,2448.0,35.0,,,
Vietnam,2021-03,143.0,0.0,2591.0,35.0,49743.0,,49743.0
Vietnam,2021-04,255.0,0.0,2846.0,35.0,509855.0,9407.0,519262.0
Vietnam,2021-05,4322.0,12.0,7168.0,47.0,1071497.0,30602.0,1102099.0
Vietnam,2021-06,8572.0,33.0,15740.0,80.0,3583939.0,193041.0,3776980.0
Vietnam,2021-07,85433.0,290.0,101173.0,370.0,5583255.0,620611.0,6203866.0
Vietnam,2021-08,334092.0,10379.0,435265.0,10749.0,17483818.0,2726563.0,20210381.0
Vietnam,2021-09,321424.0,7835.0,756689.0,18584.0,33069709.0,9818448.0,42888157.0
Vietnam,2021-10,164433.0,3499.0,921122.0,22083.0,57332644.0,21045837.0,81929875.0
Vietnam,2021-11,289218.0,2799.0,1210340.0,24882.0,71143392.0,,122083464.0
Vietnam,2021-12,441333.0,6332.0,1651673.0,31214.0,77555511.0,68435813.0,150935915.0
Vietnam,2022-01,611380.0,6454.0,2263053.0,37668.0,79059864.0,71946807.0,181280001.0
Vietnam,2022-02,1057952.0,2476.0,3321005.0,40144.0,79373871.0,77052498.0,194970502.0
Vietnam,2022-03,5690468.0,2162.0,9011473.0,42306.0,80049781.0,77940414.0,206338189.0
Vietnam,2022-04,1552029.0,707.0,10563502.0,43013.0,81888081.0,78618038.0,214939202.0
Vietnam,2022-05,153749.0,65.0,10717251.0,43078.0,84473179.0,79244389.0,221395862.0
Vietnam,2022-06,26197.0,6.0,10743448.0,43084.0,86438964.0,79786295.0,232676319.0
Vietnam,2022-07,31231.0,9.0,10774679.0,43093.0,87717272.0,81040637.0,241480787.0
Vietnam,2022-08,626918.0,20.0,11401597.0,43113.0,89255868.0,82993225.0,253398589.0
Vietnam,2022-09,69743.0,33.0,11471340.0,43146.0,89975153.0,84234230.0,259794452.0
Vietnam,2022-10,30829.0,17.0,11502169.0,43163.0,90063216.0,84448184.0,261694006.0
Vietnam,2022-11,12005.0,7.0,11514174.0,43170.0,90156999.0,84690714.0,263040545.0
Vietnam,2022-12,10028.0,14.0,11524202.0,43184.0,,85705657.0,265336568.0
Vietnam,2023-01,2193.0,2.0,11526395.0,43186.0,,85848363.0,265668329.0
Vietnam,2023-02,496.0,0.0,11526891.0,43186.0,,,
Vietnam,2023-03,312.0,0.0,11527203.0,43186.0,90228395.0,85861691.0,265980213.0
Vietnam,2023-04,32659.0,5.0,11559862.0,43191.0,90245924.0,85908380.0,266128292.0
Vietnam,2023-05,49675.0,15.0,11609537.0,43206.0,90267647.0,85950998.0,266403148.0
Vietnam,2023-06,10510.0,0.0,11620047.0,43206.0,90497674.0,85961564.0,266492149.0
Vietnam,2023-07,1751.0,0.0,11621798.0,43206.0,,,
Vietnam,2023-08,885.0,0.0,11622683.0,43206.0,,,
Vietnam,2023-09,888.0,0.0,11623571.0,43206.0,,,
Vietnam,2023-10,429.0,0.0,11624000.0,43206.0,,,
Vietnam,2023-11,0.0,0.0,11624000.0,43206.0,,,
Vietnam,2023-12,0.0,0.0,11624000.0,43206.0,,,
Vietnam,2024-01,0.0,0.0,11624000.0,43206.0,,,
Vietnam,2024-02,0.0,0.0,11624000.0,43206.0,,,
Vietnam,2024-03,0.0,0.0,11624000.0,43206.0,,,
Vietnam,2024-04,0.0,0.0,11624000.0,43206.0,,,
Vietnam,2024-05,0.0,0.0,11624000.0,43206.0,,,
Vietnam,2024-06,0.0,0.0,11624000.0,43206.0,,,
Vietnam,2024-07,0.0,0.0,11624000.0,43206.0,,,
Vietnam,2024-08,0.0,0.0,11624000.0,43206.0,,,
